player_id,player_name,normalized_player_name
1,Aaron Connolly,aaron connolly
2,Aaron Cresswell,aaron cresswell
3,Aaron Lennon,aaron lennon
4,Aaron Mooy,aaron mooy
5,Aaron O'Driscoll,aaron o driscoll
6,Aaron Pressley,aaron pressley
7,Aaron Ramsdale,aaron ramsdale
8,Aaron Ramsey,aaron ramsey
9,Aaron Rowe,aaron rowe
10,Aaron Tshibola,aaron tshibola
11,Aaron Wan-Bissaka,aaron wan bissaka
12,Abdallah Sima,abdallah sima
13,Abdelhamid Sabiri,abdelhamid sabiri
14,Abdoulaye Doucouré,abdoulaye doucoure
15,Abdul Baba,abdul baba
16,Abdul Rahman Baba,abdul rahman baba
17,Abel Hernández,abel hernandez
18,Aboubakar Kamara,aboubakar kamara
19,Abu Kamara,abu kamara
20,Achraf Lazaar,achraf lazaar
21,Adalberto Peñaranda,adalberto penaranda
22,Adam Armstrong,adam armstrong
23,Adam Bogdan,adam bogdan
24,Adam Clayton,adam clayton
25,Adam Federici,adam federici
26,Adam Forshaw,adam forshaw
27,Adam Idah,adam idah
28,Adam Lallana,adam lallana
29,Adam Leathers,adam leathers
30,Adam Legzdins,adam legzdins
31,Adam Lewis,adam lewis
32,Adam Masina,adam masina
33,Adam Matthews,adam matthews
34,Adam Parkes,adam parkes
35,Adam Reach,adam reach
36,Adam Smith,adam smith
37,Adam Webster,adam webster
38,Adama Diakhaby,adama diakhaby
39,Adama Diomande,adama diomande
40,Adama Traoré,adama traore
41,Ademipo Odubeko,ademipo odubeko
42,Ademola Lookman,ademola lookman
43,Adil Nabi,adil nabi
44,Adlène Guédioura,adlene guedioura
45,Admiral Muskwe,admiral muskwe
46,Adnan Januzaj,adnan januzaj
47,Adnan Maric,adnan maric
48,Adrián,adrian
49,Adrián Bernabé,adrian bernabe
50,Adrian Blake,adrian blake
51,Adrian Mariappa,adrian mariappa
52,Adrien Silva,adrien silva
53,Ahmed El Mohamady,ahmed el mohamady
54,Ahmed Hegazi,ahmed hegazi
55,Ahmed Musa,ahmed musa
56,Aiden McGeady,aiden mcgeady
57,Aiden O'Neill,aiden o neill
58,Ainsley Maitland-Niles,ainsley maitland niles
59,Ajibola Alese,ajibola alese
60,Akin Famewo,akin famewo
61,Akos Onodi,akos onodi
62,Alan Hutton,alan hutton
63,Albert Adomah,albert adomah
64,Albert Sambi Lokonga,albert sambi lokonga
65,Alberto Moreno,alberto moreno
66,Alberto Paloschi,alberto paloschi
67,Albian Ajeti,albian ajeti
68,Aleix García,aleix garcia
69,Alejandro Garnacho,alejandro garnacho
70,Aleksandar Dragovic,aleksandar dragovic
71,Aleksandar Kolarov,aleksandar kolarov
72,Aleksandar Mitrovic,aleksandar mitrovic
73,Aleksandar Tonev,aleksandar tonev
74,Ales Mateju,ales mateju
75,Alessandro Diamanti,alessandro diamanti
76,Alex Baptiste,alex baptiste
77,Alex Bruce,alex bruce
78,Alex Cochrane,alex cochrane
79,Alex Denny,alex denny
80,Alex Gilbert,alex gilbert
81,Alex Iwobi,alex iwobi
82,Alex Kirk,alex kirk
83,Alex Král,alex kral
84,Alex McCarthy,alex mccarthy
85,Alex Oxlade-Chamberlain,alex oxlade chamberlain
86,Alex Pike,alex pike
87,Alex Pritchard,alex pritchard
88,Alex Smithies,alex smithies
89,Alex Telles,alex telles
90,Alexander Manninger,alexander manninger
91,Alexander Sørloth,alexander s rloth
92,Alexander Tettey,alexander tettey
93,Alexandre Jankewitz,alexandre jankewitz
94,Alexandre Lacazette,alexandre lacazette
95,Alexandre Pato,alexandre pato
96,Alexandre Song,alexandre song
97,Alexis Mac Allister,alexis mac allister
98,Alexis Sánchez,alexis sanchez
99,Alfie Devine,alfie devine
100,Alfie Mawson,alfie mawson
101,Alfie McCalmont,alfie mccalmont
102,Alfie Payne,alfie payne
103,Alfie Whiteman,alfie whiteman
104,Alfred N'Diaye,alfred n diaye
105,Ali Gabr,ali gabr
106,Ali Koiki,ali koiki
107,Alireza Jahanbakhsh,alireza jahanbakhsh
108,Alisson,alisson
109,Alisson Becker,alisson becker
110,Allan,allan
111,Allan McGregor,allan mcgregor
112,Allan-Roméo Nyom,allan romeo nyom
113,Allan Saint-Maximin,allan saint maximin
114,Allan Tchaptchet,allan tchaptchet
115,Almen Abdi,almen abdi
116,Alpha Richard Dionkou,alpha richard dionkou
117,Alphonse Areola,alphonse areola
118,Álvaro Arbeloa,alvaro arbeloa
119,Álvaro Fernández,alvaro fernandez
120,Álvaro Morata,alvaro morata
121,Álvaro Negredo,alvaro negredo
122,Aly Cissokho,aly cissokho
123,Amad Diallo,amad diallo
124,Ander Herrera,ander herrera
125,Anders Lindegaard,anders lindegaard
126,Andi Janjeva,andi janjeva
127,Andi Zeqiri,andi zeqiri
128,André-Frank Zambo Anguissa,andre frank zambo anguissa
129,André Gomes,andre gomes
130,Andre Gray,andre gray
131,Andre Green,andre green
132,Andre Olukanmi,andre olukanmi
133,André Schürrle,andre schurrle
134,Andre Wisdom,andre wisdom
135,Andrea Ranocchia,andrea ranocchia
136,Andreas Christensen,andreas christensen
137,Andreas Pereira,andreas pereira
138,Andreas Söndergaard,andreas sondergaard
139,Andrej Kramaric,andrej kramaric
140,Andrew Crofts,andrew crofts
141,Andrew Eleftheriou,andrew eleftheriou
142,Andrew Moran,andrew moran
143,Andrew Omobamidele,andrew omobamidele
144,Andrew Robertson,andrew robertson
145,Andrew Surman,andrew surman
146,Andrii Yarmolenko,andrii yarmolenko
147,Andriy Yarmolenko,andriy yarmolenko
148,Andros Townsend,andros townsend
149,Andy Carroll,andy carroll
150,Andy Lonergan,andy lonergan
151,Andy Robertson,andy robertson
152,Angel Gomes,angel gomes
153,Angel Rangel,angel rangel
154,Angeliño,angelino
155,Angelo Ogbonna,angelo ogbonna
156,Angus Gunn,angus gunn
157,Antef Tsoungui,antef tsoungui
158,Anthony Driscoll-Glennon,anthony driscoll glennon
159,Anthony Elanga,anthony elanga
160,Anthony Georgiou,anthony georgiou
161,Anthony Gordon,anthony gordon
162,Anthony Knockaert,anthony knockaert
163,Anthony Mancini,anthony mancini
164,Anthony Martial,anthony martial
165,Anthony Pilkington,anthony pilkington
166,Anton Walkes,anton walkes
167,Antonee Robinson,antonee robinson
168,Antonio Barragán,antonio barragan
169,Antonio Barreca,antonio barreca
170,Antonio Rüdiger,antonio rudiger
171,Antwoine Hackford,antwoine hackford
172,Anwar El Ghazi,anwar el ghazi
173,Archie Davies,archie davies
174,Archie Mair,archie mair
175,Arijanet Muric,arijanet muric
176,Arjan Raikhy,arjan raikhy
177,Armand Traore,armand traore
178,Armando Broja,armando broja
179,Armstrong Oko-Flex,armstrong oko flex
180,Arnau Puigmal,arnau puigmal
181,Arnaut Danjuma Groeneveld,arnaut danjuma groeneveld
182,Aron Gunnarsson,aron gunnarsson
183,Arouna Koné,arouna kone
184,Arthur Masuaku,arthur masuaku
185,Arthur Okonkwo,arthur okonkwo
186,Artur Boruc,artur boruc
187,Ashley Barnes,ashley barnes
188,Ashley Fletcher,ashley fletcher
189,Ashley Westwood,ashley westwood
190,Ashley Williams,ashley williams
191,Ashley Young,ashley young
192,Asmir Begovic,asmir begovic
193,Aston Oxborough,aston oxborough
194,Austin Samuels,austin samuels
195,Auston Trusty,auston trusty
196,Axel Tuanzebe,axel tuanzebe
197,Aymeric Laporte,aymeric laporte
198,Ayoze Pérez,ayoze perez
199,Bacary Sagna,bacary sagna
200,Badou Ndiaye,badou ndiaye
201,Bafétimbi Gomis,bafetimbi gomis
202,Bailey Peacock-Farrell,bailey peacock farrell
203,Baily Cargill,baily cargill
204,Bakary Sako,bakary sako
205,Bali Mumba,bali mumba
206,Barry Bannan,barry bannan
207,Barry Douglas,barry douglas
208,Bartosz Kapustka,bartosz kapustka
209,Bastian Schweinsteiger,bastian schweinsteiger
210,Bayli Spencer-Adams,bayli spencer adams
211,Ben Barclay,ben barclay
212,Ben Chilwell,ben chilwell
213,Ben Chrisene,ben chrisene
214,Ben Cottrell,ben cottrell
215,Ben Foster,ben foster
216,Ben Gibson,ben gibson
217,Ben Godfrey,ben godfrey
218,Ben Hamer,ben hamer
219,Ben Heneghan,ben heneghan
220,Ben Hinchcliffe,ben hinchcliffe
221,Ben Johnson,ben johnson
222,Ben Marshall,ben marshall
223,Ben Mee,ben mee
224,Ben Osborn,ben osborn
225,Ben Sheaf,ben sheaf
226,Ben Stevenson,ben stevenson
227,Ben Watson,ben watson
228,Ben White,ben white
229,Ben Whitfield,ben whitfield
230,Ben Wilmot,ben wilmot
231,Ben Winterbottom,ben winterbottom
232,Ben Woodburn,ben woodburn
233,Ben Wynter,ben wynter
234,Bendegúz Bolla,bendeguz bolla
235,Beni Baningime,beni baningime
236,Benik Afobe,benik afobe
237,Benjamin Chrisene,benjamin chrisene
238,Benjamín Garré,benjamin garre
239,Benjamin Mendy,benjamin mendy
240,Benny Ashley-Seal,benny ashley seal
241,Beram Kayal,beram kayal
242,Bernard,bernard
243,Bernardo,bernardo
244,Bernardo Espinosa,bernardo espinosa
245,Bernardo Rosa,bernardo rosa
246,Bernardo Silva,bernardo silva
247,Bernd Leno,bernd leno
248,Bersant Celina,bersant celina
249,Bertrand Traoré,bertrand traore
250,Billy Arce,billy arce
251,Billy Gilmour,billy gilmour
252,Billy Koumetio,billy koumetio
253,Billy O'Brien,billy o brien
254,Billy Sharp,billy sharp
255,Birkir Bjarnason,birkir bjarnason
256,Björn Engels,bjorn engels
257,Björn Hardley,bjorn hardley
258,Boaz Myhill,boaz myhill
259,Bobby De Cordova-Reid,bobby de cordova reid
260,Bobby Duncan,bobby duncan
261,Bobby Thomas,bobby thomas
262,Bojan,bojan
263,Bojan Radulovic Samoukovic,bojan radulovic samoukovic
264,Borja Bastón,borja baston
265,Boubakary Soumaré,boubakary soumare
266,Brad Guzan,brad guzan
267,Brad Jackson,brad jackson
268,Brad Smith,brad smith
269,Brad Young,brad young
270,Bradley Collins,bradley collins
271,Bradley Johnson,bradley johnson
272,Bradley Watkins,bradley watkins
273,Brahim Díaz,brahim diaz
274,Brandon Austin,brandon austin
275,Brandon Barker,brandon barker
276,Brandon Cooper,brandon cooper
277,Brandon Fleming,brandon fleming
278,Brandon Goodship,brandon goodship
279,Brandon Mason,brandon mason
280,Brandon Pierrick,brandon pierrick
281,Brandon Williams,brandon williams
282,Branislav Ivanovic,branislav ivanovic
283,Brede Hangeland,brede hangeland
284,Brendan Galloway,brendan galloway
285,Brennan Camp,brennan camp
286,Brian Lenihan,brian lenihan
287,Brian Murphy,brian murphy
288,Brice Dja Djédjé,brice dja djedje
289,Bright Enobakhare,bright enobakhare
290,Brooklyn Genesini,brooklyn genesini
291,Brooklyn Lyons-Foster,brooklyn lyons foster
292,Brown Ideye,brown ideye
293,Bruno,bruno
294,Bruno Ecuele Manga,bruno ecuele manga
295,Bruno Fernandes,bruno fernandes
296,Bruno Guimarães,bruno guimaraes
297,Bruno Jordão,bruno jordao
298,Bruno Martins Indi,bruno martins indi
299,Bruno Zuculini,bruno zuculini
300,Bryan Gil,bryan gil
301,Bryan Mbeumo,bryan mbeumo
302,Bryan Oviedo,bryan oviedo
303,Bryce Hosannah,bryce hosannah
304,Bukayo Saka,bukayo saka
305,Çaglar Söyüncü,caglar soyuncu
306,Calaum Jahraldo-Martin,calaum jahraldo martin
307,Caleb Watts,caleb watts
308,Callum Buckley,callum buckley
309,Callum Connolly,callum connolly
310,Callum Elder,callum elder
311,Callum Hudson-Odoi,callum hudson odoi
312,Callum McManaman,callum mcmanaman
313,Callum O'Hare,callum o hare
314,Callum Paterson,callum paterson
315,Callum Robinson,callum robinson
316,Callum Rowe,callum rowe
317,Callum Slattery,callum slattery
318,Callum Wilson,callum wilson
319,Callum Wright,callum wright
320,Calum Chambers,calum chambers
321,Calvin Bassey,calvin bassey
322,Cameron Archer,cameron archer
323,Cameron Borthwick-Jackson,cameron borthwick jackson
324,Cameron Brannagan,cameron brannagan
325,Cameron Carter-Vickers,cameron carter vickers
326,Cameron Coxe,cameron coxe
327,Cameron Dummigan,cameron dummigan
328,Cameron Humphreys-Grant,cameron humphreys grant
329,Cameron Jerome,cameron jerome
330,Cameron John,cameron john
331,Caoimhin Kelleher,caoimhin kelleher
332,Caolan Lavery,caolan lavery
333,Carl Ikeme,carl ikeme
334,Carl Jenkinson,carl jenkinson
335,Carl Stewart,carl stewart
336,Carles Gil,carles gil
337,Carlos de Pena,carlos de pena
338,Carlos Vinícius,carlos vinicius
339,Carlton Morris,carlton morris
340,Carney Chukwuemeka,carney chukwuemeka
341,Cauley Woodrow,cauley woodrow
342,Cédric Kipré,cedric kipre
343,Cédric Soares,cedric soares
344,Cengiz Ünder,cengiz under
345,Cenk Tosun,cenk tosun
346,César Azpilicueta,cesar azpilicueta
347,Cesc Fàbregas,cesc fabregas
348,Chancel Mbemba,chancel mbemba
349,Charalampos Mavrias,charalampos mavrias
350,Charles N'Zogbia,charles n zogbia
351,Charlie Adam,charlie adam
352,Charlie Austin,charlie austin
353,Charlie Colkett,charlie colkett
354,Charlie Cresswell,charlie cresswell
355,Charlie Daniels,charlie daniels
356,Charlie Gilmour,charlie gilmour
357,Charlie Goode,charlie goode
358,Charlie Patino,charlie patino
359,Charlie Rowan,charlie rowan
360,Charlie Savage,charlie savage
361,Charlie Whitaker,charlie whitaker
362,Charly Musonda,charly musonda
363,Che Adams,che adams
364,Cheick Tioté,cheick tiote
365,Cheikh Diaby,cheikh diaby
366,Cheikhou Kouyaté,cheikhou kouyate
367,Chem Campbell,chem campbell
368,Chicharito,chicharito
369,Chiquinho,chiquinho
370,Chituru Odunze,chituru odunze
371,Chris Basham,chris basham
372,Chris Brunt,chris brunt
373,Chris Löwe,chris lowe
374,Chris Mepham,chris mepham
375,Chris Smalling,chris smalling
376,Chris Willock,chris willock
377,Chris Wood,chris wood
378,Christian Atsu,christian atsu
379,Christian Benteke,christian benteke
380,Christian Eriksen,christian eriksen
381,Christian Fuchs,christian fuchs
382,Christian Kabasele,christian kabasele
383,Christian Marques,christian marques
384,Christian Nørgaard,christian n rgaard
385,Christian Pulisic,christian pulisic
386,Christian Saydee,christian saydee
387,Christian Walton,christian walton
388,Christoph Klarer,christoph klarer
389,Christoph Zimmermann,christoph zimmermann
390,Christopher Schindler,christopher schindler
391,Christos Tzolis,christos tzolis
392,Chuba Akpom,chuba akpom
393,Ciaran Clark,ciaran clark
394,Ciaron Brown,ciaron brown
395,Cieran Slicker,cieran slicker
396,CJ Egan-Riley,cj egan riley
397,Claudio Bravo,claudio bravo
398,Claudio Gomes,claudio gomes
399,Claudio Yacob,claudio yacob
400,Clinton N'Jie,clinton n jie
401,Cody Drameh,cody drameh
402,Cohen Bramall,cohen bramall
403,Cole Palmer,cole palmer
404,Collin Quaner,collin quaner
405,Connor Barrett,connor barrett
406,Connor Dymond,connor dymond
407,Connor Goldson,connor goldson
408,Connor Mahoney,connor mahoney
409,Connor Randall,connor randall
410,Connor Ripley,connor ripley
411,Connor Ronan,connor ronan
412,Connor Wickham,connor wickham
413,Conor Bradley,conor bradley
414,Conor Coady,conor coady
415,Conor Coventry,conor coventry
416,Conor Gallagher,conor gallagher
417,Conor Grant,conor grant
418,Conor Hourihane,conor hourihane
419,Conor Masterson,conor masterson
420,Conor McAleny,conor mcaleny
421,Conor McGrandles,conor mcgrandles
422,Conor Shaughnessy,conor shaughnessy
423,Conor Washington,conor washington
424,Corey Blackett-Taylor,corey blackett taylor
425,Corey Jordan,corey jordan
426,Costel Pantilimon,costel pantilimon
427,Courtney Baker-Richardson,courtney baker richardson
428,Courtney Duffus,courtney duffus
429,Craig Bryson,craig bryson
430,Craig Cathcart,craig cathcart
431,Craig Dawson,craig dawson
432,Craig Gardner,craig gardner
433,Cristhian Stuani,cristhian stuani
434,Cristián Cuevas,cristian cuevas
435,Cristian Gamboa,cristian gamboa
436,Cristian Romero,cristian romero
437,Cristiano Ronaldo,cristiano ronaldo
438,Crysencio Summerville,crysencio summerville
439,Cuco Martina,cuco martina
440,Curtis Good,curtis good
441,Curtis Jones,curtis jones
442,Cyrus Christie,cyrus christie
443,D'Mani Mellor,d mani mellor
444,Dael Fry,dael fry
445,Dale Stephens,dale stephens
446,Daley Blind,daley blind
447,Dame N'Doye,dame n doye
448,Damiá,damia
449,Damien Delaney,damien delaney
450,Dan Burn,dan burn
451,Dan Chesters,dan chesters
452,Dan Gosling,dan gosling
453,Dane Scarlett,dane scarlett
454,Danel Sinani,danel sinani
455,Dani Ceballos,dani ceballos
456,Daniel Adshead,daniel adshead
457,Daniel Agyei,daniel agyei
458,Daniel Amartey,daniel amartey
459,Daniel Arzani,daniel arzani
460,Daniel Atherton,daniel atherton
461,Daniel Ayala,daniel ayala
462,Daniel Bachmann,daniel bachmann
463,Daniel Barden,daniel barden
464,Daniel Barlaser,daniel barlaser
465,Daniel Batty,daniel batty
466,Daniel Cleary,daniel cleary
467,Daniel Crowley,daniel crowley
468,Daniel Drinkwater,daniel drinkwater
469,Daniel Grimshaw,daniel grimshaw
470,Daniel Gyollai,daniel gyollai
471,Daniel Iversen,daniel iversen
472,Daniel Jarvis,daniel jarvis
473,Daniel Jebbison,daniel jebbison
474,Daniel Kemp,daniel kemp
475,Daniel Lafferty,daniel lafferty
476,Daniel Langley,daniel langley
477,Daniel N'Lundulu,daniel n lundulu
478,Daniel Nlundulu,daniel nlundulu
479,Daniel Oyegoke,daniel oyegoke
480,Daniel Podence,daniel podence
481,Daniel Pudil,daniel pudil
482,Daniel Sturridge,daniel sturridge
483,Danijel Nizic,danijel nizic
484,Danilo,danilo
485,Danny Ballard,danny ballard
486,Danny Batth,danny batth
487,Danny Drinkwater,danny drinkwater
488,Danny Graham,danny graham
489,Danny Ings,danny ings
490,Danny Rose,danny rose
491,Danny Welbeck,danny welbeck
492,Dara Costelloe,dara costelloe
493,Dara O'Shea,dara o shea
494,Darnell Furlong,darnell furlong
495,Darnell Johnson,darnell johnson
496,Darren Fletcher,darren fletcher
497,Darren Randolph,darren randolph
498,Darron Gibson,darron gibson
499,Daryl Janmaat,daryl janmaat
500,David Brooks,david brooks
501,David Button,david button
502,David de Gea,david de gea
503,David Faupala,david faupala
504,David Henen,david henen
505,David Jones,david jones
506,David Junior Hoilett,david junior hoilett
507,David Luiz,david luiz
508,David Marshall,david marshall
509,David Martin,david martin
510,David McGoldrick,david mcgoldrick
511,David Meyler,david meyler
512,David Nugent,david nugent
513,David Ospina,david ospina
514,David Parkhouse,david parkhouse
515,David Raya,david raya
516,David Silva,david silva
517,Davide Zappacosta,davide zappacosta
518,Davy Klaassen,davy klaassen
519,Davy Pröpper,davy propper
520,Dean Hammond,dean hammond
521,Dean Marney,dean marney
522,Dean Whitehead,dean whitehead
523,DeAndre Yedlin,deandre yedlin
524,Declan John,declan john
525,Declan Rice,declan rice
526,Declan Rudd,declan rudd
527,Dejan Iliev,dejan iliev
528,Dejan Kulusevski,dejan kulusevski
529,Dejan Lovren,dejan lovren
530,Dele Alli,dele alli
531,Demarai Gray,demarai gray
532,Demeaco Duhaney,demeaco duhaney
533,Demetri Mitchell,demetri mitchell
534,Denis Odoi,denis odoi
535,Denis Suárez,denis suarez
536,Deniz Undav,deniz undav
537,Dennis Adeniran,dennis adeniran
538,Dennis Cirkin,dennis cirkin
539,Dennis Praet,dennis praet
540,Dennis Srbeny,dennis srbeny
541,Derek Agyakwa,derek agyakwa
542,Des Hutchinson,des hutchinson
543,Dexter Lembikisa,dexter lembikisa
544,Didier Ndong,didier ndong
545,Diego Cavalieri,diego cavalieri
546,Diego Costa,diego costa
547,Diego Fabbrini,diego fabbrini
548,Diego Llorente,diego llorente
549,Diego Poyet,diego poyet
550,Diego Rico,diego rico
551,Diego Rosa,diego rosa
552,Dieudonne Mbokani Bezua,dieudonne mbokani bezua
553,Dilan Markanday,dilan markanday
554,Dimitri Foulquier,dimitri foulquier
555,Dimitri Payet,dimitri payet
556,Dimitrios Konstantopoulos,dimitrios konstantopoulos
557,Dimitris Giannoulis,dimitris giannoulis
558,Diogo Dalot,diogo dalot
559,Diogo Jota,diogo jota
560,Dion Henry,dion henry
561,Dion Pereira,dion pereira
562,Dion Sanderson,dion sanderson
563,Dionatan Teixeira,dionatan teixeira
564,Divock Origi,divock origi
565,Djair Parfitt-Williams,djair parfitt williams
566,Djibril Sidibé,djibril sidibe
567,Dodi Lukébakio,dodi lukebakio
568,Domingos Quina,domingos quina
569,Dominic Ball,dominic ball
570,Dominic Calvert-Lewin,dominic calvert lewin
571,Dominic Revan,dominic revan
572,Dominic Solanke,dominic solanke
573,Dominic Telford,dominic telford
574,Dominic Thompson,dominic thompson
575,Donald Love,donald love
576,Doneil Henry,doneil henry
577,Donny van de Beek,donny van de beek
578,Donyell Malen,donyell malen
579,Douglas Luiz,douglas luiz
580,Dujon Sterling,dujon sterling
581,Duncan Watmore,duncan watmore
582,Dusan Kuciak,dusan kuciak
583,Dusan Tadic,dusan tadic
584,Dwight Gayle,dwight gayle
585,Dwight McNeil,dwight mcneil
586,Dwight Tiendalli,dwight tiendalli
587,Dylan Levitt,dylan levitt
588,Dylan Williams,dylan williams
589,Dynel Simeu,dynel simeu
590,Easah Suliman,easah suliman
591,Eberechi Eze,eberechi eze
592,Ed Turns,ed turns
593,Eddie Nketiah,eddie nketiah
594,Eddy Lecygne,eddy lecygne
595,Eden Hazard,eden hazard
596,Éder,eder
597,Ederson,ederson
598,Edimilson Fernandes,edimilson fernandes
599,Edin Dzeko,edin dzeko
600,Edinson Cavani,edinson cavani
601,Edo Kayembe,edo kayembe
602,Édouard Mendy,edouard mendy
603,Eduardo,eduardo
604,Edward Rowe,edward rowe
605,Einar Iversen,einar iversen
606,Eldin Jakupovic,eldin jakupovic
607,Elia Caprile,elia caprile
608,Eliaquim Mangala,eliaquim mangala
609,Elias Kachunga,elias kachunga
610,Elias Sorensen,elias sorensen
611,Elijah Dixon-Bonner,elijah dixon bonner
612,Ellery Balcombe,ellery balcombe
613,Elliot Anderson,elliot anderson
614,Elliot Embleton,elliot embleton
615,Elliot Watt,elliot watt
616,Elliott Moore,elliott moore
617,Elliott Ward,elliott ward
618,Ellis Simms,ellis simms
619,Elvis Manu,elvis manu
620,Emanuele Giaccherini,emanuele giaccherini
621,Emerson,emerson
622,Emerson Hyndman,emerson hyndman
623,Emerson Royal,emerson royal
624,Emil Krafth,emil krafth
625,Emile Smith Rowe,emile smith rowe
626,Emiliano Buendía,emiliano buendia
627,Emiliano Marcondes,emiliano marcondes
628,Emiliano Martínez,emiliano martinez
629,Emiliano Sala,emiliano sala
630,Emmanuel Adebayor,emmanuel adebayor
631,Emmanuel Dennis,emmanuel dennis
632,Emmanuel Eboué,emmanuel eboue
633,Emmanuel Emenike,emmanuel emenike
634,Emmanuel Longelo,emmanuel longelo
635,Emmanuel Rivière,emmanuel riviere
636,Emre Can,emre can
637,Enda Stevens,enda stevens
638,Enes Ünal,enes unal
639,Enner Valencia,enner valencia
640,Enock Mwepu,enock mwepu
641,Erdal Rakip,erdal rakip
642,Eric Bailly,eric bailly
643,Eric Dier,eric dier
644,Eric García,eric garcia
645,Eric Maxim Choupo-Moting,eric maxim choupo moting
646,Erik Durm,erik durm
647,Erik Lamela,erik lamela
648,Erik Palmer-Brown,erik palmer brown
649,Erik Pieters,erik pieters
650,Erwin Mulder,erwin mulder
651,Essaïd Belkalem,essaid belkalem
652,Ethan Ampadu,ethan ampadu
653,Ethan Ebanks-Landell,ethan ebanks landell
654,Ethan Fitzhugh,ethan fitzhugh
655,Ethan Galbraith,ethan galbraith
656,Ethan Hamilton,ethan hamilton
657,Ethan Laird,ethan laird
658,Ethan Pinnock,ethan pinnock
659,Ethan Robson,ethan robson
660,Etienne Capoue,etienne capoue
661,Eunan O'Kane,eunan o kane
662,Evan Ferguson,evan ferguson
663,Evandro,evandro
664,Ezekiel Fryers,ezekiel fryers
665,Ezequiel Schelotto,ezequiel schelotto
666,Ezgjan Alioski,ezgjan alioski
667,Ezri Konsa,ezri konsa
668,Ezri Konsa Ngoyo,ezri konsa ngoyo
669,Fabián Balbuena,fabian balbuena
670,Fabian Delph,fabian delph
671,Fabian Schär,fabian schar
672,Fabinho,fabinho
673,Fabio,fabio
674,Fabio Borini,fabio borini
675,Fabio Carvalho,fabio carvalho
676,Fábio Silva,fabio silva
677,Fabri,fabri
678,Fabricio Coloccini,fabricio coloccini
679,Facundo Pellistri,facundo pellistri
680,Faustino Anjorin,faustino anjorin
681,Federico Fazio,federico fazio
682,Federico Fernández,federico fernandez
683,Felipe Anderson,felipe anderson
684,Felix Nmecha,felix nmecha
685,Felix Passlack,felix passlack
686,Femi Seriki,femi seriki
687,Fernandinho,fernandinho
688,Fernando,fernando
689,Fernando Forestieri,fernando forestieri
690,Fernando Llorente,fernando llorente
691,Fernando Torres,fernando torres
692,Ferran Torres,ferran torres
693,Fikayo Tomori,fikayo tomori
694,Filip Benkovic,filip benkovic
695,Filip Krovinovic,filip krovinovic
696,Filip Lesniak,filip lesniak
697,Filip Marschall,filip marschall
698,Filippo Costa,filippo costa
699,Finley Burns,finley burns
700,Finley Stevens,finley stevens
701,Finn Azaz,finn azaz
702,Flávio Cristóvão,flavio cristovao
703,Florent Hadergjonaj,florent hadergjonaj
704,Florian Lejeune,florian lejeune
705,Florian Thauvin,florian thauvin
706,Florin Andone,florin andone
707,Florin Gardos,florin gardos
708,Floyd Ayité,floyd ayite
709,Folarin Balogun,folarin balogun
710,Fousseni Diabaté,fousseni diabate
711,Francis Coquelin,francis coquelin
712,Francisco Júnior,francisco junior
713,Francisco Sierralta,francisco sierralta
714,Franck Tabanou,franck tabanou
715,Frank Onyeka,frank onyeka
716,Frankie Ealing,frankie ealing
717,Fraser Forster,fraser forster
718,Fraser Hornby,fraser hornby
719,Fred,fred
720,Freddie Ladapo,freddie ladapo
721,Freddie Potts,freddie potts
722,Freddie Woodman,freddie woodman
723,Frédéric Gounongbe,frederic gounongbe
724,Frédéric Guilbert,frederic guilbert
725,Frederik Alves,frederik alves
726,Fredrik Ulvestad,fredrik ulvestad
727,Gabriel Agbonlahor,gabriel agbonlahor
728,Gabriel Jesus,gabriel jesus
729,Gabriel Magalhães,gabriel magalhaes
730,Gabriel Martinelli,gabriel martinelli
731,Gabriel Obertan,gabriel obertan
732,Gabriel Paulista,gabriel paulista
733,Gabriele Angella,gabriele angella
734,Gael Bigirimana,gael bigirimana
735,Gaël Clichy,gael clichy
736,Gaëtan Bong,gaetan bong
737,Gaetano Berardi,gaetano berardi
738,Gareth Bale,gareth bale
739,Gareth Barry,gareth barry
740,Gareth McAuley,gareth mcauley
741,Gary Cahill,gary cahill
742,Gary Gardner,gary gardner
743,Gary Hooper,gary hooper
744,Gary Madine,gary madine
745,Gary O'Neil,gary o neil
746,Gastón Ramírez,gaston ramirez
747,Gavin Bazunu,gavin bazunu
748,Gavin Kilkenny,gavin kilkenny
749,Gedion Zelalem,gedion zelalem
750,Gedson Fernandes,gedson fernandes
751,Geoff Cameron,geoff cameron
752,George Baldock,george baldock
753,George Boyd,george boyd
754,George Broadbent,george broadbent
755,George Byers,george byers
756,George Dobson,george dobson
757,George Evans,george evans
758,George Friend,george friend
759,George Glendon,george glendon
760,George Harmon,george harmon
761,George Hirst,george hirst
762,George Honeyman,george honeyman
763,George Johnston,george johnston
764,George Lewis,george lewis
765,George Marsh,george marsh
766,George McEachran,george mceachran
767,George Thomas,george thomas
768,Georges-Kévin Nkoudou,georges kevin nkoudou
769,Georginio Wijnaldum,georginio wijnaldum
770,Gerard Deulofeu,gerard deulofeu
771,Gerhard Tremmel,gerhard tremmel
772,Gerónimo Rulli,geronimo rulli
773,Gethin Jones,gethin jones
774,Giannelli Imbula,giannelli imbula
775,Giedrius Arlauskis,giedrius arlauskis
776,Giovani Lo Celso,giovani lo celso
777,Giovanni McGregor,giovanni mcgregor
778,Glen Johnson,glen johnson
779,Glen Kamara,glen kamara
780,Glenn Murray,glenn murray
781,Glenn Whelan,glenn whelan
782,Gökhan Inler,gokhan inler
783,Gökhan Töre,gokhan tore
784,Gonçalo Cardoso,goncalo cardoso
785,Gonzalo Higuaín,gonzalo higuain
786,Grady Diangana,grady diangana
787,Graham Dorrans,graham dorrans
788,Granit Xhaka,granit xhaka
789,Grant Hanley,grant hanley
790,Grant Leadbitter,grant leadbitter
791,Graziano Pellè,graziano pelle
792,Greg Cunningham,greg cunningham
793,Greg Halford,greg halford
794,Greg Luer,greg luer
795,Greg Olley,greg olley
796,Grzegorz Krychowiak,grzegorz krychowiak
797,Guido Carrillo,guido carrillo
798,Guillermo Varela,guillermo varela
799,Gylfi Sigurdsson,gylfi sigurdsson
800,Hakim Ziyech,hakim ziyech
801,Hal Robson-Kanu,hal robson kanu
802,Halil Dervisoglu,halil dervisoglu
803,Hamza Choudhury,hamza choudhury
804,Hannibal Mejbri,hannibal mejbri
805,Harrison Ashby,harrison ashby
806,Harrison Reed,harrison reed
807,Harrison Sohna,harrison sohna
808,Harry Arter,harry arter
809,Harry Bunn,harry bunn
810,Harry Burgoyne,harry burgoyne
811,Harry Charsley,harry charsley
812,Harry Clarke,harry clarke
813,Harry Kane,harry kane
814,Harry Lewis,harry lewis
815,Harry Maguire,harry maguire
816,Harry McKirdy,harry mckirdy
817,Harry Panayiotou,harry panayiotou
818,Harry Souttar,harry souttar
819,Harry Toffolo,harry toffolo
820,Harry Tyrer,harry tyrer
821,Harry Wilson,harry wilson
822,Harry Winks,harry winks
823,Harvey Blair,harvey blair
824,Harvey Davies,harvey davies
825,Harvey Elliott,harvey elliott
826,Harvey Rodgers,harvey rodgers
827,Harvey Vale,harvey vale
828,Håvard Nordtveit,havard nordtveit
829,Hayao Kawabe,hayao kawabe
830,Hayden Lindley,hayden lindley
831,Haydon Roberts,haydon roberts
832,Héctor Bellerín,hector bellerin
833,Hélder Costa,helder costa
834,Henri Lansbury,henri lansbury
835,Henri Saivet,henri saivet
836,Henrik Bjørdal,henrik bj rdal
837,Henrik Dalsgaard,henrik dalsgaard
838,Henrikh Mkhitaryan,henrikh mkhitaryan
839,Henry Lawrence,henry lawrence
840,Henry Onyekuru,henry onyekuru
841,Henry Wise,henry wise
842,Herbie Kane,herbie kane
843,Heurelho Gomes,heurelho gomes
844,Hiram Boateng,hiram boateng
845,Hugo Bueno,hugo bueno
846,Hugo Lloris,hugo lloris
847,Hwang Hee-Chan,hwang hee chan
848,Ian Maatsen,ian maatsen
849,Ian Poveda,ian poveda
850,Ian Poveda-Ocampo,ian poveda ocampo
851,Ibrahim Afellay,ibrahim afellay
852,Ibrahim Amadou,ibrahim amadou
853,Ibrahim Meite,ibrahim meite
854,Ibrahima Cissé,ibrahima cisse
855,Ibrahima Diallo,ibrahima diallo
856,Ibrahima Konaté,ibrahima konate
857,Idrissa Gueye,idrissa gueye
858,Ignacio Pussetto,ignacio pussetto
859,Ike Ugbo,ike ugbo
860,Ikechi Anya,ikechi anya
861,Iker Pozo,iker pozo
862,Iliman Ndiaye,iliman ndiaye
863,Ilkay Gündogan,ilkay gundogan
864,Illan Meslier,illan meslier
865,Imrân Louza,imran louza
866,Indiana Vassilev,indiana vassilev
867,Isaac Christie-Davies,isaac christie davies
868,Isaac Hayden,isaac hayden
869,Isaac Mabaya,isaac mabaya
870,Isaac Mbenza,isaac mbenza
871,Isaac Price,isaac price
872,Isaac Success,isaac success
873,Isaiah Brown,isaiah brown
874,Islam Slimani,islam slimani
875,Ismael Bennacer,ismael bennacer
876,Ismaila Coulibaly,ismaila coulibaly
877,Ismaila Sarr,ismaila sarr
878,Issa Diop,issa diop
879,Issa Kaboré,issa kabore
880,Ivan Cavaleiro,ivan cavaleiro
881,Ivan Toney,ivan toney
882,Ivo Pinto,ivo pinto
883,J'Neil Bennett,j neil bennett
884,Jaakko Oksanen,jaakko oksanen
885,Jack Bearne,jack bearne
886,Jack Bodenham,jack bodenham
887,Jack Butland,jack butland
888,Jack Bycroft,jack bycroft
889,Jack Colback,jack colback
890,Jack Cork,jack cork
891,Jack Fitzwater,jack fitzwater
892,Jack Grealish,jack grealish
893,Jack Grieves,jack grieves
894,Jack Harrison,jack harrison
895,Jack Henry-Francis,jack henry francis
896,Jack Hunt,jack hunt
897,Jack Jenkins,jack jenkins
898,Jack O'Connell,jack o connell
899,Jack Payne,jack payne
900,Jack Rodwell,jack rodwell
901,Jack Roles,jack roles
902,Jack Simpson,jack simpson
903,Jack Spong,jack spong
904,Jack Stacey,jack stacey
905,Jack Stephens,jack stephens
906,Jack Wells-Morrison,jack wells morrison
907,Jack Wilshere,jack wilshere
908,Jacob Blyth,jacob blyth
909,Jacob Maddox,jacob maddox
910,Jacob Montes,jacob montes
911,Jacob Murphy,jacob murphy
912,Jacob Ramsey,jacob ramsey
913,Jacob Sørensen,jacob s rensen
914,Jaden Philogene,jaden philogene
915,Jaden Philogene-Bidace,jaden philogene bidace
916,Jadon Sancho,jadon sancho
917,Jaime Alvarado,jaime alvarado
918,Jairo Riedewald,jairo riedewald
919,Jake Cain,jake cain
920,Jake Clarke-Salter,jake clarke salter
921,Jake Doyle-Hayes,jake doyle hayes
922,Jake Eastwood,jake eastwood
923,Jake Flannigan,jake flannigan
924,Jake Gray,jake gray
925,Jake Hesketh,jake hesketh
926,Jake Kean,jake kean
927,Jake Livermore,jake livermore
928,Jake Vokins,jake vokins
929,Jake Walker,jake walker
930,Jakob Haugaard,jakob haugaard
931,Jakub Moder,jakub moder
932,Jakub Ojrzynski,jakub ojrzynski
933,Jakub Stolarczyk,jakub stolarczyk
934,Jamaal Lascelles,jamaal lascelles
935,Jamal Baptiste,jamal baptiste
936,Jamal Blackman,jamal blackman
937,Jamal Lewis,jamal lewis
938,James Balagizi,james balagizi
939,James Bree,james bree
940,James Chester,james chester
941,James Collins,james collins
942,James Daly,james daly
943,James Furlong,james furlong
944,James Garner,james garner
945,James Hillson,james hillson
946,James Horsfield,james horsfield
947,James Husband,james husband
948,James Justin,james justin
949,James Maddison,james maddison
950,James McArthur,james mcarthur
951,James McAtee,james mcatee
952,James McCarthy,james mccarthy
953,James McClean,james mcclean
954,James Milner,james milner
955,James Morris,james morris
956,James Morrison,james morrison
957,James Norris,james norris
958,James Olayinka,james olayinka
959,James Storer,james storer
960,James Tarkowski,james tarkowski
961,James Tilley,james tilley
962,James Tomkins,james tomkins
963,James Trafford,james trafford
964,James Ward-Prowse,james ward prowse
965,James Weir,james weir
966,Jamie Bowden,jamie bowden
967,Jamie Cumming,jamie cumming
968,Jamie Murphy,jamie murphy
969,Jamie Shackleton,jamie shackleton
970,Jamie Soule,jamie soule
971,Jamie Sterry,jamie sterry
972,Jamie Vardy,jamie vardy
973,Jan Bednarek,jan bednarek
974,Jan Kirchhoff,jan kirchhoff
975,Jan Mlakar,jan mlakar
976,Jan Paul van Hecke,jan paul van hecke
977,Jan Vertonghen,jan vertonghen
978,Jan Zamburek,jan zamburek
979,Jannik Vestergaard,jannik vestergaard
980,Janoi Donacien,janoi donacien
981,Japhet Tanganga,japhet tanganga
982,Jared Thompson,jared thompson
983,Jarell Quansah,jarell quansah
984,Jaroslaw Jach,jaroslaw jach
985,Jarrad Branthwaite,jarrad branthwaite
986,Jarrod Bowen,jarrod bowen
987,Jason Davidson,jason davidson
988,Jason Denayer,jason denayer
989,Jason Gilchrist,jason gilchrist
990,Jason Lokilo,jason lokilo
991,Jason Puncheon,jason puncheon
992,Jason Steele,jason steele
993,Javier Manquillo,javier manquillo
994,Jay Fulton,jay fulton
995,Jay Rodriguez,jay rodriguez
996,Jay-Roy Grot,jay roy grot
997,Jay Stansfield,jay stansfield
998,Jayden Bennetts,jayden bennetts
999,Jayden Bogle,jayden bogle
1000,Jayden Harris,jayden harris
1001,Jayden Stockley,jayden stockley
1002,Jayson Molumby,jayson molumby
1003,Jazz Richards,jazz richards
1004,Jean Michael Seri,jean michael seri
1005,Jean-Philippe Gbamin,jean philippe gbamin
1006,Jean-Philippe Mateta,jean philippe mateta
1007,Jed Steer,jed steer
1008,Jeff Hendrick,jeff hendrick
1009,Jeff Reine-Adélaïde,jeff reine adelaide
1010,Jefferson Lerma,jefferson lerma
1011,Jefferson Montero,jefferson montero
1012,Jeffrey Schlupp,jeffrey schlupp
1013,Jensen Weir,jensen weir
1014,Jeong Sang-Bin,jeong sang bin
1015,Jerell Sellars,jerell sellars
1016,Jeremain Lens,jeremain lens
1017,Jeremie Boga,jeremie boga
1018,Jeremy Ngakia,jeremy ngakia
1019,Jérémy Pied,jeremy pied
1020,Jeremy Sarmiento,jeremy sarmiento
1021,Jermain Defoe,jermain defoe
1022,Jerome Binnom-Williams,jerome binnom williams
1023,Jerome Opoku,jerome opoku
1024,Jerome Sinclair,jerome sinclair
1025,Jesé,jese
1026,Jesse Lingard,jesse lingard
1027,Jesurun Rak-Sakyi,jesurun rak sakyi
1028,Jesús Gámez,jesus gamez
1029,Jesús Navas,jesus navas
1030,Jesús Vallejo,jesus vallejo
1031,Jetro Willems,jetro willems
1032,Jiang Guangtai,jiang guangtai
1033,Jimmy Dunne,jimmy dunne
1034,Jindrich Stanek,jindrich stanek
1035,Jiri Skalak,jiri skalak
1036,Joachim Andersen,joachim andersen
1037,João Cancelo,joao cancelo
1038,João Mário,joao mario
1039,João Moutinho,joao moutinho
1040,João Pedro,joao pedro
1041,João Teixeira,joao teixeira
1042,João Virgínia,joao virginia
1043,Joe Allen,joe allen
1044,Joe Anderson,joe anderson
1045,Joe Bennett,joe bennett
1046,Joe Bryan,joe bryan
1047,Joe Cole,joe cole
1048,Joe Gelhardt,joe gelhardt
1049,Joe Gomez,joe gomez
1050,Joe Hart,joe hart
1051,Joe Hugill,joe hugill
1052,Joe Ledley,joe ledley
1053,Joe Lolley,joe lolley
1054,Joe Mason,joe mason
1055,Joe Powell,joe powell
1056,Joe Ralls,joe ralls
1057,Joe Riley,joe riley
1058,Joe Rodon,joe rodon
1059,Joe Rothwell,joe rothwell
1060,Joe Tupper,joe tupper
1061,Joe Williams,joe williams
1062,Joe Willock,joe willock
1063,Joel Asoro,joel asoro
1064,Joel Campbell,joel campbell
1065,Joel Ekstrand,joel ekstrand
1066,Joel Latibeaudiere,joel latibeaudiere
1067,Joel López,joel lopez
1068,Joel Lopez Salguero,joel lopez salguero
1069,Joel Matip,joel matip
1070,Joel Mumbongo,joel mumbongo
1071,Joel Pereira,joel pereira
1072,Joel Robles,joel robles
1073,Joel Senior,joel senior
1074,Joel Valencia,joel valencia
1075,Joël Veltman,joel veltman
1076,Joel Ward,joel ward
1077,Joelinton,joelinton
1078,Joey Barton,joey barton
1079,Joey O'Brien,joey o brien
1080,Jóhann Gudmundsson,johann gudmundsson
1081,John Egan,john egan
1082,John Fleck,john fleck
1083,John-Kymani Gordon,john kymani gordon
1084,John Lundstram,john lundstram
1085,John McGinn,john mcginn
1086,John O'Shea,john o shea
1087,John Obi Mikel,john obi mikel
1088,John Ruddy,john ruddy
1089,John Stones,john stones
1090,John Terry,john terry
1091,Joleon Lescott,joleon lescott
1092,Jon Dagur Thorsteinsson,jon dagur thorsteinsson
1093,Jon Flanagan,jon flanagan
1094,Jon Gorenc Stankovic,jon gorenc stankovic
1095,Jon McCracken,jon mccracken
1096,Jon Toral,jon toral
1097,Jonas Lössl,jonas lossl
1098,Jonathan Bond,jonathan bond
1099,Jonathan Calleri,jonathan calleri
1100,Jonathan De Bie,jonathan de bie
1101,Jonathan Dinzeyi,jonathan dinzeyi
1102,Jonathan Hogg,jonathan hogg
1103,Jonathan Kodjia,jonathan kodjia
1104,Jonathan Leko,jonathan leko
1105,Jonathan Rowe,jonathan rowe
1106,Jonathan Tomkinson,jonathan tomkinson
1107,Jonathan Walters,jonathan walters
1108,Jonathan Williams,jonathan williams
1109,Jonathan Woodgate,jonathan woodgate
1110,Jonjo Shelvey,jonjo shelvey
1111,Jonjoe Kenny,jonjoe kenny
1112,Jonny,jonny
1113,Jonny Evans,jonny evans
1114,Jonny Howson,jonny howson
1115,Jonny Maddison,jonny maddison
1116,Jordan Amavi,jordan amavi
1117,Jordan Ayew,jordan ayew
1118,Jordan Brown,jordan brown
1119,Jordan Graham,jordan graham
1120,Jordan Green,jordan green
1121,Jordan Henderson,jordan henderson
1122,Jordan Holmes,jordan holmes
1123,Jordan Hugill,jordan hugill
1124,Jordan Lee,jordan lee
1125,Jordan Lyden,jordan lyden
1126,Jordan Pickford,jordan pickford
1127,Jordan Rhodes,jordan rhodes
1128,Jordan Rossiter,jordan rossiter
1129,Jordan Stevens,jordan stevens
1130,Jordan Turnbull,jordan turnbull
1131,Jordan Veretout,jordan veretout
1132,Jordan Williams,jordan williams
1133,Jordan Zemura,jordan zemura
1134,Jordi Amat,jordi amat
1135,Jordi Gómez,jordi gomez
1136,Jordi Osei-Tutu,jordi osei tutu
1137,Jordon Ibe,jordon ibe
1138,Jordon Mutch,jordon mutch
1139,Jordy Clasie,jordy clasie
1140,Jordy Hiwula-Mayifuila,jordy hiwula mayifuila
1141,Jores Okore,jores okore
1142,Jorginho,jorginho
1143,Jose Baxter,jose baxter
1144,José Crespo,jose crespo
1145,José Enrique,jose enrique
1146,José Fonte,jose fonte
1147,José Holebas,jose holebas
1148,José Izquierdo,jose izquierdo
1149,José Manuel Jurado,jose manuel jurado
1150,José Sá,jose sa
1151,Josef Yarney,josef yarney
1152,Joselu,joselu
1153,Joseph Anang,joseph anang
1154,Joseph Dodoo,joseph dodoo
1155,Joseph Gomez,joseph gomez
1156,Joseph Hardy,joseph hardy
1157,Joseph Hungbo,joseph hungbo
1158,Joseph Maguire,joseph maguire
1159,Joseph McGlynn,joseph mcglynn
1160,Joseph Willock,joseph willock
1161,Josh Benson,josh benson
1162,Josh Brownhill,josh brownhill
1163,Josh Carmichael,josh carmichael
1164,Josh Clackstone,josh clackstone
1165,Josh Cullen,josh cullen
1166,Josh Dasilva,josh dasilva
1167,Josh Debayo,josh debayo
1168,Josh Feeney,josh feeney
1169,Josh Felix-Eppiah,josh felix eppiah
1170,Josh Harrop,josh harrop
1171,Josh Knight,josh knight
1172,Josh Maja,josh maja
1173,Josh Martin,josh martin
1174,Josh Oluwayemi,josh oluwayemi
1175,Josh Onomah,josh onomah
1176,Josh Pask,josh pask
1177,Josh Robson,josh robson
1178,Josh Sargent,josh sargent
1179,Josh Sims,josh sims
1180,Josh Tymon,josh tymon
1181,Josh Vickers,josh vickers
1182,Josh Wakefield,josh wakefield
1183,Josh Wilson-Esbrand,josh wilson esbrand
1184,Joshua Bohui,joshua bohui
1185,Joshua King,joshua king
1186,Josip Drmic,josip drmic
1187,Jota,jota
1188,Joy Mukena,joy mukena
1189,Juan Camilo Zuñiga,juan camilo zuniga
1190,Juan Carlos Paredes,juan carlos paredes
1191,Juan Cuadrado,juan cuadrado
1192,Juan Familia-Castillo,juan familia castillo
1193,Juan Foyth,juan foyth
1194,Juan Iturbe,juan iturbe
1195,Juan Mata,juan mata
1196,Juanfran,juanfran
1197,Juanmi,juanmi
1198,Jubril Okedina,jubril okedina
1199,Jude Soonsup-Bell,jude soonsup bell
1200,Julián Álvarez,julian alvarez
1201,Julian Jeanvier,julian jeanvier
1202,Julian Speroni,julian speroni
1203,Julien de Sart,julien de sart
1204,Julien Ngoy,julien ngoy
1205,Julio Pleguezuelo,julio pleguezuelo
1206,Junior Firpo,junior firpo
1207,Junior Stanislas,junior stanislas
1208,Juraj Kucka,juraj kucka
1209,Jürgen Locadia,jurgen locadia
1210,Kacper Kozlowski,kacper kozlowski
1211,Kadeem Harris,kadeem harris
1212,Kai Havertz,kai havertz
1213,Kaine Hayden,kaine hayden
1214,Kaine Kesler-Hayden,kaine kesler hayden
1215,Kallum Cesay,kallum cesay
1216,Kalvin Phillips,kalvin phillips
1217,Kamal Sowah,kamal sowah
1218,Kamarai Simon-Swyer,kamarai simon swyer
1219,Kamil Conteh,kamil conteh
1220,Kamil Grabara,kamil grabara
1221,Kamil Grosicki,kamil grosicki
1222,Kamil Miazek,kamil miazek
1223,Kane Crichlow,kane crichlow
1224,Kane O'Connor,kane o connor
1225,Kaoru Mitoma,kaoru mitoma
1226,Karl Darlow,karl darlow
1227,Karl Hein,karl hein
1228,Karlan Grant,karlan grant
1229,Karlo Ziger,karlo ziger
1230,Kasey McAteer,kasey mcateer
1231,Kasey Palmer,kasey palmer
1232,Kasper Schmeichel,kasper schmeichel
1233,Kayky,kayky
1234,Kaylen Hinds,kaylen hinds
1235,Kayne Ramsay,kayne ramsay
1236,Kazeem Olaigbe,kazeem olaigbe
1237,Kazenga LuaLua,kazenga lualua
1238,Kean Bryan,kean bryan
1239,Keelan O'Connell,keelan o connell
1240,Keenan Appiah-Forson,keenan appiah forson
1241,Keinan Davis,keinan davis
1242,Kelechi Iheanacho,kelechi iheanacho
1243,Kelland Watts,kelland watts
1244,Kelvin Davis,kelvin davis
1245,Ken Sema,ken sema
1246,Kenedy,kenedy
1247,Kenji Gorré,kenji gorre
1248,Kenneth Omeruo,kenneth omeruo
1249,Kenneth Zohore,kenneth zohore
1250,Kenny McLean,kenny mclean
1251,Kenny Tete,kenny tete
1252,Kepa,kepa
1253,Kepa Arrizabalaga,kepa arrizabalaga
1254,Kevin Danso,kevin danso
1255,Kevin De Bruyne,kevin de bruyne
1256,Kevin Long,kevin long
1257,Kevin Mbabu,kevin mbabu
1258,Kevin McDonald,kevin mcdonald
1259,Kevin Mirallas,kevin mirallas
1260,Kevin Nolan,kevin nolan
1261,Kevin Stewart,kevin stewart
1262,Kevin Toner,kevin toner
1263,Kevin Wimmer,kevin wimmer
1264,Kgaogelo Chauke,kgaogelo chauke
1265,Ki-Jana Hoever,ki jana hoever
1266,Ki Sung-Yueng,ki sung yueng
1267,Kieran Dowell,kieran dowell
1268,Kieran Gibbs,kieran gibbs
1269,Kieran O'Hara,kieran o hara
1270,Kieran Richardson,kieran richardson
1271,Kieran Tierney,kieran tierney
1272,Kieran Trippier,kieran trippier
1273,Kiernan Dewsbury-Hall,kiernan dewsbury hall
1274,Kieron Freeman,kieron freeman
1275,Kiko Casilla,kiko casilla
1276,Kiko Femenía,kiko femenia
1277,Kjell Scherpen,kjell scherpen
1278,Kleton Perntreou,kleton perntreou
1279,Kolo Touré,kolo toure
1280,Konstantinos Mavropanos,konstantinos mavropanos
1281,Konstantinos Stafylidis,konstantinos stafylidis
1282,Konstantinos Tsimikas,konstantinos tsimikas
1283,Kornelius Normann Hansen,kornelius normann hansen
1284,Kortney Hause,kortney hause
1285,Kostas Tsimikas,kostas tsimikas
1286,Kris Moore,kris moore
1287,Kristoffer Ajer,kristoffer ajer
1288,Kristoffer Klaesson,kristoffer klaesson
1289,Kristoffer Nordfeldt,kristoffer nordfeldt
1290,Krystian Bielik,krystian bielik
1291,Kurt Zouma,kurt zouma
1292,Kwadwo Baah,kwadwo baah
1293,Kyle Bartley,kyle bartley
1294,Kyle Edwards,kyle edwards
1295,Kyle Jameson,kyle jameson
1296,Kyle John,kyle john
1297,Kyle Knoyle,kyle knoyle
1298,Kyle Lafferty,kyle lafferty
1299,Kyle Naughton,kyle naughton
1300,Kyle Scott,kyle scott
1301,Kyle Taylor,kyle taylor
1302,Kyle Walker,kyle walker
1303,Kyle Walker-Peters,kyle walker peters
1304,Lamar Bogarde,lamar bogarde
1305,Lamare Bogarde,lamare bogarde
1306,Largie Ramazani,largie ramazani
1307,Lars Dendoncker,lars dendoncker
1308,Lasse Sørensen,lasse s rensen
1309,Laurens De Bock,laurens de bock
1310,Laurent Depoitre,laurent depoitre
1311,Laurent Koscielny,laurent koscielny
1312,Layton Ndukwu,layton ndukwu
1313,Layton Stewart,layton stewart
1314,Lazar Markovic,lazar markovic
1315,Leander Dendoncker,leander dendoncker
1316,Leandro Bacuna,leandro bacuna
1317,Leandro Rodríguez,leandro rodriguez
1318,Leandro Trossard,leandro trossard
1319,Lee Camp,lee camp
1320,Lee Cattermole,lee cattermole
1321,Lee Chung-Yong,lee chung yong
1322,Lee Grant,lee grant
1323,Lee Peltier,lee peltier
1324,Lee Tomlin,lee tomlin
1325,Leighton Baines,leighton baines
1326,Leighton Clarkson,leighton clarkson
1327,Léo Bonatini,leo bonatini
1328,Leo Hjelde,leo hjelde
1329,Leo Ostigard,leo ostigard
1330,Leo Østigård,leo stigard
1331,Leon Bailey,leon bailey
1332,Leon Balogun,leon balogun
1333,Leon Britton,leon britton
1334,Leon Clarke,leon clarke
1335,Leon Osman,leon osman
1336,Leonardo Campana,leonardo campana
1337,Leonardo Ulloa,leonardo ulloa
1338,Leroy Fer,leroy fer
1339,Leroy Sané,leroy sane
1340,Levi Lumeka,levi lumeka
1341,Lewis Baker,lewis baker
1342,Lewis Banks,lewis banks
1343,Lewis Bate,lewis bate
1344,Lewis Brunt,lewis brunt
1345,Lewis Cass,lewis cass
1346,Lewis Cook,lewis cook
1347,Lewis Dobbin,lewis dobbin
1348,Lewis Dunk,lewis dunk
1349,Lewis Gibson,lewis gibson
1350,Lewis Gordon,lewis gordon
1351,Lewis Grabban,lewis grabban
1352,Lewis Hall,lewis hall
1353,Lewis O'Brien,lewis o brien
1354,Lewis Page,lewis page
1355,Lewis Richardson,lewis richardson
1356,Liam Bridcutt,liam bridcutt
1357,Liam Cooper,liam cooper
1358,Liam Delap,liam delap
1359,Liam Feeney,liam feeney
1360,Liam Gibbs,liam gibbs
1361,Liam Hughes,liam hughes
1362,Liam McCarron,liam mccarron
1363,Liam Millar,liam millar
1364,Liam Moore,liam moore
1365,Liam Rosenior,liam rosenior
1366,Liam Shephard,liam shephard
1367,Libor Kozák,libor kozak
1368,Lloyd Doyley,lloyd doyley
1369,Lloyd Dyer,lloyd dyer
1370,Lloyd Humphries,lloyd humphries
1371,Lloyd Isgrove,lloyd isgrove
1372,Lloyd Kelly,lloyd kelly
1373,Loïc Damour,loic damour
1374,Loïc Rémy,loic remy
1375,Loris Karius,loris karius
1376,Louie Barry,louie barry
1377,Louie Moulden,louie moulden
1378,Louis Thompson,louis thompson
1379,Lovre Kalinic,lovre kalinic
1380,Luca Ashby-Hammond,luca ashby hammond
1381,Luca de la Torre,luca de la torre
1382,Lucas Bergström,lucas bergstrom
1383,Lucas De Bolle,lucas de bolle
1384,Lucas Digne,lucas digne
1385,Lucas Leiva,lucas leiva
1386,Lucas Moura,lucas moura
1387,Lucas Pérez,lucas perez
1388,Lucas Perri,lucas perri
1389,Lucas Piazon,lucas piazon
1390,Lucas Torreira,lucas torreira
1391,Luciano Narsingh,luciano narsingh
1392,Luciano Vietto,luciano vietto
1393,Luis Alberto,luis alberto
1394,Luis Antonio Valencia,luis antonio valencia
1395,Luis Díaz,luis diaz
1396,Luis Longstaff,luis longstaff
1397,Luka Milivojevic,luka milivojevic
1398,Luka Racic,luka racic
1399,Lukas Jensen,lukas jensen
1400,Lukas Jutkiewicz,lukas jutkiewicz
1401,Lukas Nmecha,lukas nmecha
1402,Lukas Rupp,lukas rupp
1403,Lukasz Fabianski,lukasz fabianski
1404,Luke Amos,luke amos
1405,Luke Ayling,luke ayling
1406,Luke Bolton,luke bolton
1407,Luke Coddington,luke coddington
1408,Luke Croll,luke croll
1409,Luke Cundle,luke cundle
1410,Luke Daniels,luke daniels
1411,Luke Dreher,luke dreher
1412,Luke Freeman,luke freeman
1413,Luke Garbutt,luke garbutt
1414,Luke Matheson,luke matheson
1415,Luke Mbete,luke mbete
1416,Luke McCormick,luke mccormick
1417,Luke McGee,luke mcgee
1418,Luke Plange,luke plange
1419,Luke Shaw,luke shaw
1420,Lyanco,lyanco
1421,Lynden Gooch,lynden gooch
1422,Lys Mousset,lys mousset
1423,M'Baye Niang,m baye niang
1424,Maarten Stekelenburg,maarten stekelenburg
1425,Mace Goodridge,mace goodridge
1426,Mackenzie Hunt,mackenzie hunt
1427,Mads Bech,mads bech
1428,Mads Bidstrup,mads bidstrup
1429,Mads Roerslev,mads roerslev
1430,Maduka Okoye,maduka okoye
1431,Magnus Norman,magnus norman
1432,Maksim Paskotsi,maksim paskotsi
1433,Malachi Boateng,malachi boateng
1434,Malachi Fagan-Walcott,malachi fagan walcott
1435,Malang Sarr,malang sarr
1436,Mamadou Dialla Sylla,mamadou dialla sylla
1437,Mamadou Sakho,mamadou sakho
1438,Mame Biram Diouf,mame biram diouf
1439,Manolo Gabbiadini,manolo gabbiadini
1440,Manu García,manu garcia
1441,Manuel Lanzini,manuel lanzini
1442,Marc Albrighton,marc albrighton
1443,Marc Bola,marc bola
1444,Marc Cucurella,marc cucurella
1445,Marc Guehi,marc guehi
1446,Marc Leonard,marc leonard
1447,Marc Muniesa,marc muniesa
1448,Marc Navarro,marc navarro
1449,Marc Pugh,marc pugh
1450,Marc Wilson,marc wilson
1451,Marçal,marcal
1452,Marcel Franke,marcel franke
1453,Marcel Lavinier,marcel lavinier
1454,Marcelo Djaló,marcelo djalo
1455,Marcelo Flores,marcelo flores
1456,Marcelo Pitaluga,marcelo pitaluga
1457,Marcin Bulka,marcin bulka
1458,Marcin Wasilewski,marcin wasilewski
1459,Marco Amelia,marco amelia
1460,Marco Stiepermann,marco stiepermann
1461,Marco van Ginkel,marco van ginkel
1462,Marcos Alonso,marcos alonso
1463,Marcos Rojo,marcos rojo
1464,Marcus Bettinelli,marcus bettinelli
1465,Marcus Browne,marcus browne
1466,Marcus Forss,marcus forss
1467,Marcus McGuane,marcus mcguane
1468,Marcus Rashford,marcus rashford
1469,Marek Rodák,marek rodak
1470,Mario Balotelli,mario balotelli
1471,Mario Lemina,mario lemina
1472,Mario Pasalic,mario pasalic
1473,Mario Suárez,mario suarez
1474,Mario Vrancic,mario vrancic
1475,Mark Birighitti,mark birighitti
1476,Mark Bunn,mark bunn
1477,Mark Gillespie,mark gillespie
1478,Mark Helm,mark helm
1479,Mark Hudson,mark hudson
1480,Mark McGuinness,mark mcguinness
1481,Mark Noble,mark noble
1482,Mark Schwarzer,mark schwarzer
1483,Mark Travers,mark travers
1484,Mark Waddington,mark waddington
1485,Marko Arnautovic,marko arnautovic
1486,Marko Grujic,marko grujic
1487,Marko Marin,marko marin
1488,Markus Henriksen,markus henriksen
1489,Markus Suttner,markus suttner
1490,Marlon Fossey,marlon fossey
1491,Marlos Moreno,marlos moreno
1492,Marouane Chamakh,marouane chamakh
1493,Marouane Fellaini,marouane fellaini
1494,Martell Taylor-Crossdale,martell taylor crossdale
1495,Marten de Roon,marten de roon
1496,Martín Cáceres,martin caceres
1497,Martin Cranie,martin cranie
1498,Martin Ødegaard,martin degaard
1499,Martín Demichelis,martin demichelis
1500,Martin Dubravka,martin dubravka
1501,Martin Kelly,martin kelly
1502,Martín Montoya,martin montoya
1503,Martin Olsson,martin olsson
1504,Martin Samuelsen,martin samuelsen
1505,Martin Skrtel,martin skrtel
1506,Marvelous Nakamba,marvelous nakamba
1507,Marvin Emnes,marvin emnes
1508,Marvin Zeegelaar,marvin zeegelaar
1509,Mason Barrett,mason barrett
1510,Mason Bloomfield,mason bloomfield
1511,Mason Greenwood,mason greenwood
1512,Mason Holgate,mason holgate
1513,Mason Mount,mason mount
1514,Massadio Haidara,massadio haidara
1515,Mat Ryan,mat ryan
1516,Matej Delac,matej delac
1517,Matej Kovar,matej kovar
1518,Matej Vydra,matej vydra
1519,Mateo Kovacic,mateo kovacic
1520,Mateusz Bogusz,mateusz bogusz
1521,Mateusz Hewelt,mateusz hewelt
1522,Mateusz Klich,mateusz klich
1523,Matheus Pereira,matheus pereira
1524,Mathew Ryan,mathew ryan
1525,Mathias Jensen,mathias jensen
1526,Mathias Normann,mathias normann
1527,Mathias Ranégie,mathias ranegie
1528,Mathieu Debuchy,mathieu debuchy
1529,Mathieu Flamini,mathieu flamini
1530,Matija Sarkic,matija sarkic
1531,Matt Butcher,matt butcher
1532,Matt Doherty,matt doherty
1533,Matt Grimes,matt grimes
1534,Matt Macey,matt macey
1535,Matt Miazga,matt miazga
1536,Matt O'Riley,matt o riley
1537,Matt Ritchie,matt ritchie
1538,Matt Targett,matt targett
1539,Matteo Darmian,matteo darmian
1540,Matteo Guendouzi,matteo guendouzi
1541,Matthew Cash,matthew cash
1542,Matthew Clarke,matthew clarke
1543,Matthew Cox,matthew cox
1544,Matthew Craig,matthew craig
1545,Matthew Gilks,matthew gilks
1546,Matthew Jarvis,matthew jarvis
1547,Matthew Kennedy,matthew kennedy
1548,Matthew Longstaff,matthew longstaff
1549,Matthew Lowton,matthew lowton
1550,Matthew Pennington,matthew pennington
1551,Matthew Smith,matthew smith
1552,Matthew Taylor,matthew taylor
1553,Matthew Worthington,matthew worthington
1554,Mattias Kait,mattias kait
1555,Mattie Pollock,mattie pollock
1556,Matty Cash,matty cash
1557,Matty James,matty james
1558,Matty Longstaff,matty longstaff
1559,Matz Sels,matz sels
1560,Maurizio Pochettino,maurizio pochettino
1561,Mauro Zárate,mauro zarate
1562,Max Aarons,max aarons
1563,Max-Alain Gradel,max alain gradel
1564,Max Haygarth,max haygarth
1565,Max Lowe,max lowe
1566,Max Melbourne,max melbourne
1567,Max Meyer,max meyer
1568,Max Sanders,max sanders
1569,Max Stryjek,max stryjek
1570,Max Thompson,max thompson
1571,Max Woltman,max woltman
1572,Maxime Le Marchand,maxime le marchand
1573,Maximilian Kilman,maximilian kilman
1574,Maxwel Cornet,maxwel cornet
1575,Maya Yoshida,maya yoshida
1576,Mazeed Ogungbo,mazeed ogungbo
1577,Mbaye Diagne,mbaye diagne
1578,Mbwana Samatta,mbwana samatta
1579,Mehdi Abeid,mehdi abeid
1580,Melkamu Frauendorf,melkamu frauendorf
1581,Melvin Sitti,melvin sitti
1582,Memphis Depay,memphis depay
1583,Meritan Shabani,meritan shabani
1584,Mesut Özil,mesut ozil
1585,Micah Hamilton,micah hamilton
1586,Micah Richards,micah richards
1587,Michael Agazzi,michael agazzi
1588,Michael Carrick,michael carrick
1589,Michael Collins,michael collins
1590,Michael Craig,michael craig
1591,Michael Dawson,michael dawson
1592,Michael Duff,michael duff
1593,Michael Folivi,michael folivi
1594,Michael Hector,michael hector
1595,Michael Hefele,michael hefele
1596,Michael Keane,michael keane
1597,Michael Kightly,michael kightly
1598,Michael Ledger,michael ledger
1599,Michael McGovern,michael mcgovern
1600,Michael Obafemi,michael obafemi
1601,Michael Olise,michael olise
1602,Michael Phillips,michael phillips
1603,Michael Stensgaard,michael stensgaard
1604,Michael Tait,michael tait
1605,Michael Turner,michael turner
1606,Michael Verrips,michael verrips
1607,Michail Antonio,michail antonio
1608,Michal Karbownik,michal karbownik
1609,Michal Zyro,michal zyro
1610,Michel Vorm,michel vorm
1611,Michy Batshuayi,michy batshuayi
1612,Miguel Almirón,miguel almiron
1613,Miguel Azeez,miguel azeez
1614,Miguel Britos,miguel britos
1615,Miguel Layún,miguel layun
1616,Mihai-Alexandru Dobre,mihai alexandru dobre
1617,Mika,mika
1618,Mika Biereth,mika biereth
1619,Mikael Mandron,mikael mandron
1620,Mikael Ndjoli,mikael ndjoli
1621,Mike van der Hoorn,mike van der hoorn
1622,Mike Williamson,mike williamson
1623,Mikel Arteta,mikel arteta
1624,Mikel Merino,mikel merino
1625,Mikki van Sas,mikki van sas
1626,Mile Jedinak,mile jedinak
1627,Milot Rashica,milot rashica
1628,Mitchell Clark,mitchell clark
1629,Mix Diskerud,mix diskerud
1630,MJ Williams,mj williams
1631,Modibo Maiga,modibo maiga
1632,Modou Barrow,modou barrow
1633,Moha,moha
1634,Mohamed Diamé,mohamed diame
1635,Mohamed Elneny,mohamed elneny
1636,Mohamed Elyounoussi,mohamed elyounoussi
1637,Mohamed Salah,mohamed salah
1638,Mohammed Salisu,mohammed salisu
1639,Moise Kean,moise kean
1640,Moisés Caicedo,moises caicedo
1641,Molla Wagué,molla wague
1642,Morgan Amalfitano,morgan amalfitano
1643,Morgan Boyes,morgan boyes
1644,Morgan Feeney,morgan feeney
1645,Morgan Gibbs-White,morgan gibbs white
1646,Morgan Rogers,morgan rogers
1647,Morgan Sanson,morgan sanson
1648,Morgan Schneiderlin,morgan schneiderlin
1649,Moritz Bauer,moritz bauer
1650,Moritz Jenz,moritz jenz
1651,Moritz Leitner,moritz leitner
1652,Moses Makasi,moses makasi
1653,Moses Odubajo,moses odubajo
1654,Mouez Hassen,mouez hassen
1655,Mousa Dembélé,mousa dembele
1656,Moussa Djenepo,moussa djenepo
1657,Moussa Sissoko,moussa sissoko
1658,Muhamed Besic,muhamed besic
1659,Mungo Bridge,mungo bridge
1660,Mustapha Carayol,mustapha carayol
1661,Myles Peart-Harris,myles peart harris
1662,N'Golo Kanté,n golo kante
1663,Nabil Bentaleb,nabil bentaleb
1664,Nabili Zoubdi Touaizi,nabili zoubdi touaizi
1665,Naby Keita,naby keita
1666,Nacer Chadli,nacer chadli
1667,Nacho Monreal,nacho monreal
1668,Nahki Wells,nahki wells
1669,Nampalys Mendy,nampalys mendy
1670,Nathan,nathan
1671,Nathan Aké,nathan ake
1672,Nathan Baker,nathan baker
1673,Nathan Baxter,nathan baxter
1674,Nathan Bishop,nathan bishop
1675,Nathan Broadhead,nathan broadhead
1676,Nathan Collins,nathan collins
1677,Nathan Dyer,nathan dyer
1678,Nathan Ferguson,nathan ferguson
1679,Nathan Harker,nathan harker
1680,Nathan Holland,nathan holland
1681,Nathan Mavila,nathan mavila
1682,Nathan Patterson,nathan patterson
1683,Nathan Redmond,nathan redmond
1684,Nathan Shepperd,nathan shepperd
1685,Nathan Tella,nathan tella
1686,Nathan Trott,nathan trott
1687,Nathan Young-Coombes,nathan young coombes
1688,Nathanael Ogbeta,nathanael ogbeta
1689,Nathaniel Chalobah,nathaniel chalobah
1690,Nathaniel Clyne,nathaniel clyne
1691,Nathaniel Mendez-Laing,nathaniel mendez laing
1692,Nathaniel Phillips,nathaniel phillips
1693,Nathaniel Shio Hong Wan,nathaniel shio hong wan
1694,Neal Maupay,neal maupay
1695,Neco Williams,neco williams
1696,Neeskens Kebano,neeskens kebano
1697,Neil Etheridge,neil etheridge
1698,Neil Taylor,neil taylor
1699,Nélson Oliveira,nelson oliveira
1700,Nélson Semedo,nelson semedo
1701,Nemanja Matic,nemanja matic
1702,Niall Ennis,niall ennis
1703,Niall Huggins,niall huggins
1704,Niall Mason,niall mason
1705,Nick Pope,nick pope
1706,Nick Powell,nick powell
1707,Nicolas Nkoulou,nicolas nkoulou
1708,Nicolás Otamendi,nicolas otamendi
1709,Nicolas Pépé,nicolas pepe
1710,Niels Nkounkou,niels nkounkou
1711,Nigel Lonwijk,nigel lonwijk
1712,Niki Mäenpää,niki maenpaa
1713,Nikica Jelavic,nikica jelavic
1714,Nikola Tavares,nikola tavares
1715,Nikola Vlasic,nikola vlasic
1716,Nnamdi Ofoborh,nnamdi ofoborh
1717,Nohan Kenneh,nohan kenneh
1718,Nolito,nolito
1719,Noor Husin,noor husin
1720,Nordin Amrabat,nordin amrabat
1721,Nsue,nsue
1722,Ntumba Massanka,ntumba massanka
1723,Nuno Tavares,nuno tavares
1724,Nya Kirby,nya kirby
1725,Obbi Oularé,obbi oulare
1726,Odeluga Offiah,odeluga offiah
1727,Odion Ighalo,odion ighalo
1728,Odsonne Édouard,odsonne edouard
1729,Okay Yokuslu,okay yokuslu
1730,Ola Aina,ola aina
1731,Ola Toivonen,ola toivonen
1732,Oladapo Afolayan,oladapo afolayan
1733,Olarenwaju Kayode,olarenwaju kayode
1734,Oleksandr Zinchenko,oleksandr zinchenko
1735,Oliver Burke,oliver burke
1736,Oliver Casey,oliver casey
1737,Oliver Ewing,oliver ewing
1738,Oliver McBurnie,oliver mcburnie
1739,Oliver Norwood,oliver norwood
1740,Oliver Shenton,oliver shenton
1741,Oliver Skipp,oliver skipp
1742,Olivier Giroud,olivier giroud
1743,Olivier Ntcham,olivier ntcham
1744,Oliwer Zych,oliwer zych
1745,Oliwier Zych,oliwier zych
1746,Ollie Harfield,ollie harfield
1747,Ollie Watkins,ollie watkins
1748,Oludare Olufunwa,oludare olufunwa
1749,Olufela Olomola,olufela olomola
1750,Omar Bogle,omar bogle
1751,Omar Elabdellaoui,omar elabdellaoui
1752,Omar Rekik,omar rekik
1753,Omari Hutchinson,omari hutchinson
1754,Ondrej Duda,ondrej duda
1755,Onel Hernández,onel hernandez
1756,Orestis Karnezis,orestis karnezis
1757,Oriol Romeu,oriol romeu
1758,Oscar,oscar
1759,Oscar Bobb,oscar bobb
1760,Oskar Buur,oskar buur
1761,Oumar Niasse,oumar niasse
1762,Ovie Ejaria,ovie ejaria
1763,Owen Bailey,owen bailey
1764,Owen Beck,owen beck
1765,Owen Dodgson,owen dodgson
1766,Owen Otasowie,owen otasowie
1767,Ozan Kabak,ozan kabak
1768,Ozan Tufan,ozan tufan
1769,Pablo Fornals,pablo fornals
1770,Pablo Hernández,pablo hernandez
1771,Pablo Maffeo,pablo maffeo
1772,Pablo Marí,pablo mari
1773,Pablo Moreno,pablo moreno
1774,Pablo Zabaleta,pablo zabaleta
1775,Paddy McCarthy,paddy mccarthy
1776,Panagiotis Retsos,panagiotis retsos
1777,Pape Souaré,pape souare
1778,Papiss Demba Cissé,papiss demba cisse
1779,Papy Djilobodji,papy djilobodji
1780,Paris Maghoma,paris maghoma
1781,Pascal Groß,pascal gross
1782,Pascal Struijk,pascal struijk
1783,Patrice Evra,patrice evra
1784,Patrick Bamford,patrick bamford
1785,Patrick Cutrone,patrick cutrone
1786,Patrick McNair,patrick mcnair
1787,Patrick Roberts,patrick roberts
1788,Patrick van Aanholt,patrick van aanholt
1789,Patrik Gunnarsson,patrik gunnarsson
1790,Patson Daka,patson daka
1791,Pau López,pau lopez
1792,Paul Coutts,paul coutts
1793,Paul Dummett,paul dummett
1794,Paul Gladon,paul gladon
1795,Paul Glatzel,paul glatzel
1796,Paul Konchesky,paul konchesky
1797,Paul Pogba,paul pogba
1798,Paul Robinson,paul robinson
1799,Paulo Alves,paulo alves
1800,Paulo Gazzaniga,paulo gazzaniga
1801,Pedro,pedro
1802,Pedro Chirivella,pedro chirivella
1803,Pedro Neto,pedro neto
1804,Pedro Obiang,pedro obiang
1805,Pedro Pereira,pedro pereira
1806,Pedro Porro,pedro porro
1807,Pepe Reina,pepe reina
1808,Per Mertesacker,per mertesacker
1809,Percy Tau,percy tau
1810,Peter Crouch,peter crouch
1811,Peter Etebo,peter etebo
1812,Peter Gwargis,peter gwargis
1813,Peter Keen,peter keen
1814,Peter Odemwingie,peter odemwingie
1815,Petr Cech,petr cech
1816,Phil Bardsley,phil bardsley
1817,Phil Foden,phil foden
1818,Phil Jagielka,phil jagielka
1819,Phil Ofosu-Ayeh,phil ofosu ayeh
1820,Philip Billing,philip billing
1821,Philip Heise,philip heise
1822,Philip Zinckernagel,philip zinckernagel
1823,Philipp Wollscheid,philipp wollscheid
1824,Philippe Coutinho,philippe coutinho
1825,Philippe Sandler,philippe sandler
1826,Philippe Senderos,philippe senderos
1827,Pierluigi Gollini,pierluigi gollini
1828,Pierre Ekwah,pierre ekwah
1829,Pierre-Emerick Aubameyang,pierre emerick aubameyang
1830,Pierre-Emile Højbjerg,pierre emile h jbjerg
1831,Pierre Lees-Melou,pierre lees melou
1832,Pontus Dahlberg,pontus dahlberg
1833,Pontus Jansson,pontus jansson
1834,Pote,pote
1835,Prince Oniangué,prince oniangue
1836,Przemyslaw Placheta,przemyslaw placheta
1837,Rabbi Matondo,rabbi matondo
1838,Rachid Ghezzal,rachid ghezzal
1839,Radamel Falcao,radamel falcao
1840,Rafa Mir,rafa mir
1841,Rafael Camacho,rafael camacho
1842,Rafael Romo,rafael romo
1843,Ragnar Klavan,ragnar klavan
1844,Raheem Sterling,raheem sterling
1845,Rajiv van La Parra,rajiv van la parra
1846,Ralf Fährmann,ralf fahrmann
1847,Ramadan Sobhi,ramadan sobhi
1848,Ramires,ramires
1849,Ramiro Funes Mori,ramiro funes mori
1850,Raphael Spiegel,raphael spiegel
1851,Raphaël Varane,raphael varane
1852,Raphinha,raphinha
1853,Rarmani Edmonds-Green,rarmani edmonds green
1854,Raúl Jiménez,raul jimenez
1855,Ravel Morrison,ravel morrison
1856,Rayan Aït-Nouri,rayan ait nouri
1857,Rayhaan Tulloch,rayhaan tulloch
1858,Reda Khadra,reda khadra
1859,Reece Burke,reece burke
1860,Reece Hannam,reece hannam
1861,Reece James,reece james
1862,Reece McAlear,reece mcalear
1863,Reece Oxford,reece oxford
1864,Reece Welch,reece welch
1865,Rees Greenwood,rees greenwood
1866,Regan Booty,regan booty
1867,Regan Poole,regan poole
1868,Regan Slater,regan slater
1869,Reiss Nelson,reiss nelson
1870,Rekeem Harper,rekeem harper
1871,Remi Matthews,remi matthews
1872,Rémy Cabella,remy cabella
1873,Renat Dadashov,renat dadashov
1874,Renato Sanches,renato sanches
1875,Rene Gilmartin,rene gilmartin
1876,Rhian Brewster,rhian brewster
1877,Rhoys Wiggins,rhoys wiggins
1878,Rhys Healey,rhys healey
1879,Rhys Norrington-Davies,rhys norrington davies
1880,Rhys Williams,rhys williams
1881,Ricardo Pereira,ricardo pereira
1882,Richairo Zivkovic,richairo zivkovic
1883,Richard Nartey,richard nartey
1884,Richard Stearman,richard stearman
1885,Richard Towell,richard towell
1886,Richard Wright,richard wright
1887,Richarlison,richarlison
1888,Rickie Lambert,rickie lambert
1889,Ricky Holmes,ricky holmes
1890,Ricky van Wolfswinkel,ricky van wolfswinkel
1891,Rico Henry,rico henry
1892,Ritchie de Laet,ritchie de laet
1893,Riyad Mahrez,riyad mahrez
1894,Ørjan Nyland,rjan nyland
1895,Ro-Shaun Williams,ro shaun williams
1896,Rob Holding,rob holding
1897,Rob Hunt,rob hunt
1898,Robbie Brady,robbie brady
1899,Robbie Burton,robbie burton
1900,Robbie Gotts,robbie gotts
1901,Robert Brady,robert brady
1902,Robert Elliot,robert elliot
1903,Robert Green,robert green
1904,Robert Huth,robert huth
1905,Robert Sánchez,robert sanchez
1906,Robert Snodgrass,robert snodgrass
1907,Robert Street,robert street
1908,Roberto Firmino,roberto firmino
1909,Roberto Jiménez,roberto jimenez
1910,Roberto Pereyra,roberto pereyra
1911,Roberto Soldado,roberto soldado
1912,Robin Koch,robin koch
1913,Robin Olsen,robin olsen
1914,Rocky Bushiri Kisonga,rocky bushiri kisonga
1915,Roderick Miranda,roderick miranda
1916,Rodri,rodri
1917,Rodrigo,rodrigo
1918,Rodrigo Bentancur,rodrigo bentancur
1919,Rohan Ince,rohan ince
1920,Rolando Aarons,rolando aarons
1921,Romain Perraud,romain perraud
1922,Romain Saïss,romain saiss
1923,Romaine Mundle,romaine mundle
1924,Romaine Sawyers,romaine sawyers
1925,Romaric Yapi,romaric yapi
1926,Romelu Lukaku,romelu lukaku
1927,Roméo Lavia,romeo lavia
1928,Ron-Robert Zieler,ron robert zieler
1929,Rony Lopes,rony lopes
1930,Roque Mesa,roque mesa
1931,Rory Watson,rory watson
1932,Ross Barkley,ross barkley
1933,Ross McCormack,ross mccormack
1934,Rouwen Hennings,rouwen hennings
1935,Rúben Dias,ruben dias
1936,Ruben Loftus-Cheek,ruben loftus cheek
1937,Rúben Neves,ruben neves
1938,Rubén Sobrino,ruben sobrino
1939,Rúben Vinagre,ruben vinagre
1940,Rudy Gestede,rudy gestede
1941,Rui Fonte,rui fonte
1942,Rui Patrício,rui patricio
1943,Rúnar Alex Rúnarsson,runar alex runarsson
1944,Rushian Marcus Amari Hepburn-Murphy,rushian marcus amari hepburn murphy
1945,Russell Griffiths,russell griffiths
1946,Russell Martin,russell martin
1947,Ryan Alebiosu,ryan alebiosu
1948,Ryan Allsop,ryan allsop
1949,Ryan Astley,ryan astley
1950,Ryan Babel,ryan babel
1951,Ryan Bennett,ryan bennett
1952,Ryan Bertrand,ryan bertrand
1953,Ryan Edmondson,ryan edmondson
1954,Ryan Finnigan,ryan finnigan
1955,Ryan Fraser,ryan fraser
1956,Ryan Fredericks,ryan fredericks
1957,Ryan Fulton,ryan fulton
1958,Ryan Giles,ryan giles
1959,Ryan Hill,ryan hill
1960,Ryan Inniss,ryan inniss
1961,Ryan Kent,ryan kent
1962,Ryan Longman,ryan longman
1963,Ryan Mason,ryan mason
1964,Ryan Schofield,ryan schofield
1965,Ryan Seager,ryan seager
1966,Ryan Sessegnon,ryan sessegnon
1967,Ryan Shawcross,ryan shawcross
1968,Ryan Sweeney,ryan sweeney
1969,Ryan Watson,ryan watson
1970,Sadio Mané,sadio mane
1971,Saïd Benrahma,said benrahma
1972,Saido Berahino,saido berahino
1973,Salah-Eddine Oulad M'hand,salah eddine oulad m hand
1974,Salomón Rondón,salomon rondon
1975,Sam Baldock,sam baldock
1976,Sam Byram,sam byram
1977,Sam Clucas,sam clucas
1978,Sam Dalby,sam dalby
1979,Sam Field,sam field
1980,Sam Gallagher,sam gallagher
1981,Sam Graham,sam graham
1982,Sam Greenwood,sam greenwood
1983,Sam Hart,sam hart
1984,Sam Howes,sam howes
1985,Sam Hughes,sam hughes
1986,Sam Johnstone,sam johnstone
1987,Sam McCallum,sam mccallum
1988,Sam McQueen,sam mcqueen
1989,Sam Sherring,sam sherring
1990,Sam Surridge,sam surridge
1991,Sam Vokes,sam vokes
1992,Sam Waller,sam waller
1993,Sam Westley,sam westley
1994,Sam Woods,sam woods
1995,Saman Ghoddos,saman ghoddos
1996,Samir,samir
1997,Samir Carruthers,samir carruthers
1998,Samir Nasri,samir nasri
1999,Sammy Ameobi,sammy ameobi
2000,Sammy Braybrooke,sammy braybrooke
2001,Samuel Edozie,samuel edozie
2002,Samuel Kalu,samuel kalu
2003,Samuel Sharrock-Peplow,samuel sharrock peplow
2004,Samuel Shashoua,samuel shashoua
2005,Sander Berge,sander berge
2006,Sandro,sandro
2007,Sandro Ramírez,sandro ramirez
2008,Santi Cazorla,santi cazorla
2009,Santiago Vergini,santiago vergini
2010,Saúl Ñíguez,saul niguez
2011,Saul Shotton,saul shotton
2012,Scott Arfield,scott arfield
2013,Scott Banks,scott banks
2014,Scott Carson,scott carson
2015,Scott Dann,scott dann
2016,Scott Hogan,scott hogan
2017,Scott Malone,scott malone
2018,Scott McTominay,scott mctominay
2019,Scott Sinclair,scott sinclair
2020,Sead Haksabanovic,sead haksabanovic
2021,Sead Kolasinac,sead kolasinac
2022,Séamus Coleman,seamus coleman
2023,Sean Goss,sean goss
2024,Sean Longstaff,sean longstaff
2025,Sean Morrison,sean morrison
2026,Sean Raggett,sean raggett
2027,Sean Scannell,sean scannell
2028,Sebastián Coates,sebastian coates
2029,Sebastian Larsson,sebastian larsson
2030,Sebastian Prödl,sebastian prodl
2031,Sebastian Soto,sebastian soto
2032,Sebastien Bassong,sebastien bassong
2033,Sébastien Haller,sebastien haller
2034,Sébastien Pocognoli,sebastien pocognoli
2035,Semi Ajayi,semi ajayi
2036,Sepp van den Berg,sepp van den berg
2037,Serge Aurier,serge aurier
2038,Serge Gnabry,serge gnabry
2039,Sergi Canós,sergi canos
2040,Sergio Agüero,sergio aguero
2041,Sergio Reguilón,sergio reguilon
2042,Sergio Romero,sergio romero
2043,Seydou Doumbia,seydou doumbia
2044,Shamal George,shamal george
2045,Shandon Baptiste,shandon baptiste
2046,Shane Duffy,shane duffy
2047,Shane Flynn,shane flynn
2048,Shane Long,shane long
2049,Shani Tarashaj,shani tarashaj
2050,Shaq Forde,shaq forde
2051,Shaun Donnellan,shaun donnellan
2052,Shaun Hobson,shaun hobson
2053,Shaun MacDonald,shaun macdonald
2054,Shaun Maloney,shaun maloney
2055,Shay Given,shay given
2056,Shayne Lavery,shayne lavery
2057,Shayon Harrison,shayon harrison
2058,Shea Charles,shea charles
2059,Sheyi Ojo,sheyi ojo
2060,Shilow Tracey,shilow tracey
2061,Shinji Okazaki,shinji okazaki
2062,Shkodran Mustafi,shkodran mustafi
2063,Shola Shoretire,shola shoretire
2064,Sidnei Tavares,sidnei tavares
2065,Siem de Jong,siem de jong
2066,Sil Swinkels,sil swinkels
2067,Simon Francis,simon francis
2068,Simon Mignolet,simon mignolet
2069,Simon Moore,simon moore
2070,Simone Zaza,simone zaza
2071,Sinan Bytyqi,sinan bytyqi
2072,Slobodan Tedic,slobodan tedic
2073,Sofiane Boufal,sofiane boufal
2074,Sofiane Feghouli,sofiane feghouli
2075,Sokratis,sokratis
2076,Sokratis Papastathopoulos,sokratis papastathopoulos
2077,Sol Bamba,sol bamba
2078,Solly March,solly march
2079,Son Heung-Min,son heung min
2080,Sonny Perkins,sonny perkins
2081,Soufyan Ahannach,soufyan ahannach
2082,Stefan Johansen,stefan johansen
2083,Stefan O'Connor,stefan o connor
2084,Stefano Okaka,stefano okaka
2085,Stephan Lichtsteiner,stephan lichtsteiner
2086,Stéphane Sessegnon,stephane sessegnon
2087,Stéphane Zubar,stephane zubar
2088,Stephen Duke-McKenna,stephen duke mckenna
2089,Stephen Henderson,stephen henderson
2090,Stephen Hendrie,stephen hendrie
2091,Stephen Ireland,stephen ireland
2092,Stephen Kingsley,stephen kingsley
2093,Stephen Ward,stephen ward
2094,Stephy Mavididi,stephy mavididi
2095,Steve Cook,steve cook
2096,Steve Harper,steve harper
2097,Steve Mandanda,steve mandanda
2098,Steve Mounie,steve mounie
2099,Steve Sidwell,steve sidwell
2100,Steven Alzate,steven alzate
2101,Steven Berghuis,steven berghuis
2102,Steven Bergwijn,steven bergwijn
2103,Steven Caulker,steven caulker
2104,Steven Davis,steven davis
2105,Steven Defour,steven defour
2106,Steven Fletcher,steven fletcher
2107,Steven Naismith,steven naismith
2108,Steven Pienaar,steven pienaar
2109,Steven Sessegnon,steven sessegnon
2110,Steven Taylor,steven taylor
2111,Steven Whittaker,steven whittaker
2112,Stewart Downing,stewart downing
2113,Stipe Perica,stipe perica
2114,Stuart Armstrong,stuart armstrong
2115,Stuart Dallas,stuart dallas
2116,Stuart Findlay,stuart findlay
2117,Stuart McKinstry,stuart mckinstry
2118,Stuart O'Keefe,stuart o keefe
2119,Stuart Taylor,stuart taylor
2120,Sullay Kaikai,sullay kaikai
2121,Sven Kums,sven kums
2122,Sylvain Boris Nabil Deslandes,sylvain boris nabil deslandes
2123,Sylvain Distin,sylvain distin
2124,Sylvain Marveaux,sylvain marveaux
2125,Sylvester Jasper,sylvester jasper
2126,Tahith Chong,tahith chong
2127,Taiwo Awoniyi,taiwo awoniyi
2128,Takehiro Tomiyasu,takehiro tomiyasu
2129,Takumi Minamino,takumi minamino
2130,Tammy Abraham,tammy abraham
2131,Tanguy Ndombele,tanguy ndombele
2132,Tareiq Holmes-Dennis,tareiq holmes dennis
2133,Tariq Lamptey,tariq lamptey
2134,Tariqe Fosu-Henry,tariqe fosu henry
2135,Tashan Oakley-Boothe,tashan oakley boothe
2136,Tawanda Maswanhise,tawanda maswanhise
2137,Taye Ashby-Hammond,taye ashby hammond
2138,Taylor Gardner-Hickman,taylor gardner hickman
2139,Taylor Harwood-Bellis,taylor harwood bellis
2140,Taylor Jay-Hart,taylor jay hart
2141,Taylor Perry,taylor perry
2142,Taylor Richards,taylor richards
2143,Tayo Adaramola,tayo adaramola
2144,Tayo Edun,tayo edun
2145,Teddy Jenks,teddy jenks
2146,Teddy Rowe,teddy rowe
2147,Teddy Sharman-Lowe,teddy sharman lowe
2148,Teden Mengi,teden mengi
2149,Teemu Pukki,teemu pukki
2150,Tendayi Darikwa,tendayi darikwa
2151,Terell Pennant,terell pennant
2152,Terence Kongolo,terence kongolo
2153,Thakgalo Leshabela,thakgalo leshabela
2154,Thanawat Suengchitthawon,thanawat suengchitthawon
2155,Theo Corbeanu,theo corbeanu
2156,Theo Walcott,theo walcott
2157,Thiago,thiago
2158,Thiago Alcântara,thiago alcantara
2159,Thiago Silva,thiago silva
2160,Thibaud Verlinden,thibaud verlinden
2161,Thibaut Courtois,thibaut courtois
2162,Thierry Small,thierry small
2163,Thomas Clayton,thomas clayton
2164,Thomas Dickson-Peters,thomas dickson peters
2165,Thomas Edwards,thomas edwards
2166,Thomas Hill,thomas hill
2167,Thomas McGill,thomas mcgill
2168,Thomas O'Connor,thomas o connor
2169,Thomas Partey,thomas partey
2170,Thomas Robson,thomas robson
2171,Tiago Çukur,tiago cukur
2172,Tiago Ilori,tiago ilori
2173,Tiemoué Bakayoko,tiemoue bakayoko
2174,Tim Howard,tim howard
2175,Tim Iroegbunam,tim iroegbunam
2176,Tim Krul,tim krul
2177,Tim Ream,tim ream
2178,Timi Odusina,timi odusina
2179,Timm Klose,timm klose
2180,Timo Werner,timo werner
2181,Timothy Castagne,timothy castagne
2182,Timothy Eyoma,timothy eyoma
2183,Timothy Fosu-Mensah,timothy fosu mensah
2184,Tino Anjorin,tino anjorin
2185,Tino Livramento,tino livramento
2186,Tobi Omole,tobi omole
2187,Toby Alderweireld,toby alderweireld
2188,Toby Stevenson,toby stevenson
2189,Todd Cantwell,todd cantwell
2190,Tokelo Rantie,tokelo rantie
2191,Tolaji Bola,tolaji bola
2192,Tom Anderson,tom anderson
2193,Tom Beadling,tom beadling
2194,Tom Cadman,tom cadman
2195,Tom Cairney,tom cairney
2196,Tom Carroll,tom carroll
2197,Tom Cleverley,tom cleverley
2198,Tom Davies,tom davies
2199,Tom Dele-Bashiru,tom dele bashiru
2200,Tom Glover,tom glover
2201,Tom Heaton,tom heaton
2202,Tom Huddlestone,tom huddlestone
2203,Tom Lawrence,tom lawrence
2204,Tom McGill,tom mcgill
2205,Tom Smith,tom smith
2206,Tom Trybull,tom trybull
2207,Tomas Kalas,tomas kalas
2208,Tomás Mejías,tomas mejias
2209,Tomas Rosicky,tomas rosicky
2210,Tomas Soucek,tomas soucek
2211,Tomer Hemed,tomer hemed
2212,Tommi O'Reilly,tommi o reilly
2213,Tommie Hoban,tommie hoban
2214,Tommy Doyle,tommy doyle
2215,Tommy Elphick,tommy elphick
2216,Toni Correia Gomes,toni correia gomes
2217,Toni Martínez,toni martinez
2218,Tony Andreu,tony andreu
2219,Tony Gallacher,tony gallacher
2220,Tony Hibbert,tony hibbert
2221,Tony Springett,tony springett
2222,Tosin Adarabioyo,tosin adarabioyo
2223,Toti Gomes,toti gomes
2224,Trent Alexander-Arnold,trent alexander arnold
2225,Trevoh Chalobah,trevoh chalobah
2226,Trézéguet,trezeguet
2227,Trincão,trincao
2228,Troy Deeney,troy deeney
2229,Troy Parrott,troy parrott
2230,Tudor Baluta,tudor baluta
2231,Tyler Blackett,tyler blackett
2232,Tyler Dibling,tyler dibling
2233,Tyler Morton,tyler morton
2234,Tyler Onyango,tyler onyango
2235,Tyler Roberts,tyler roberts
2236,Tyler Smith,tyler smith
2237,Tyreece John-Jules,tyreece john jules
2238,Tyrell Warren,tyrell warren
2239,Tyrese Francois,tyrese francois
2240,Tyrese Omotoye,tyrese omotoye
2241,Tyrick Mitchell,tyrick mitchell
2242,Tyrone Mings,tyrone mings
2243,Ulrick Eneme Ella,ulrick eneme ella
2244,Uwe Hünemeier,uwe hunemeier
2245,Vadis Odjidja-Ofoe,vadis odjidja ofoe
2246,Valentino Lazaro,valentino lazaro
2247,Valentino Livramento,valentino livramento
2248,Valon Behrami,valon behrami
2249,Vashon Neufville,vashon neufville
2250,Vicente Guaita,vicente guaita
2251,Vicente Iborra,vicente iborra
2252,Victor Anichebe,victor anichebe
2253,Víctor Camarasa,victor camarasa
2254,Víctor Ibarbo,victor ibarbo
2255,Victor Lindelöf,victor lindelof
2256,Victor Moses,victor moses
2257,Víctor Valdés,victor valdes
2258,Victor Wanyama,victor wanyama
2259,Viktor Fischer,viktor fischer
2260,Viktor Gyökeres,viktor gyokeres
2261,Viktor Johansson,viktor johansson
2262,Viljami Sinisalo,viljami sinisalo
2263,Vincent Angelini,vincent angelini
2264,Vincent Janssen,vincent janssen
2265,Vincent Kompany,vincent kompany
2266,Virgil van Dijk,virgil van dijk
2267,Vitalii Mykolenko,vitalii mykolenko
2268,Vitaly Janelt,vitaly janelt
2269,Vitezslav Jaros,vitezslav jaros
2270,Vitinha,vitinha
2271,Vito Mannone,vito mannone
2272,Vlad Dragomir,vlad dragomir
2273,Vladimir Coufal,vladimir coufal
2274,Vontae Campbell,vontae campbell
2275,Vontae Daley-Campbell,vontae daley campbell
2276,Vurnon Anita,vurnon anita
2277,Wahbi Khazri,wahbi khazri
2278,Wanya Madavidua,wanya madavidua
2279,Wanya Marçal,wanya marcal
2280,Warren O'Hora,warren o hora
2281,Wayne Hennessey,wayne hennessey
2282,Wayne Rooney,wayne rooney
2283,Wayne Routledge,wayne routledge
2284,Wes Foderingham,wes foderingham
2285,Wes Hoolahan,wes hoolahan
2286,Wes Morgan,wes morgan
2287,Wesley,wesley
2288,Wesley Fofana,wesley fofana
2289,Wesley Hoedt,wesley hoedt
2290,Wilfred Ndidi,wilfred ndidi
2291,Wilfried Bony,wilfried bony
2292,Wilfried Zaha,wilfried zaha
2293,Will Collar,will collar
2294,Will Ferry,will ferry
2295,Will Fish,will fish
2296,Will Hughes,will hughes
2297,Will Keane,will keane
2298,Will Miller,will miller
2299,Will Norris,will norris
2300,Will Russ,will russ
2301,Will Smallbone,will smallbone
2302,William Alves,william alves
2303,William Dennis,william dennis
2304,William Fish,william fish
2305,William John Mannion,william john mannion
2306,William Osula,william osula
2307,William Saliba,william saliba
2308,William Smallbone,william smallbone
2309,William Troost-Ekong,william troost ekong
2310,Willian,willian
2311,Willian José,willian jose
2312,Willy-Arnaud Boly,willy arnaud boly
2313,Willy Boly,willy boly
2314,Willy Caballero,willy caballero
2315,Winston Reid,winston reid
2316,Wojciech Szczesny,wojciech szczesny
2317,Wout Weghorst,wout weghorst
2318,Xande Silva,xande silva
2319,Xavi Quintillá,xavi quintilla
2320,Xavier Mbuyamba,xavier mbuyamba
2321,Xavier Simons,xavier simons
2322,Xherdan Shaqiri,xherdan shaqiri
2323,Yan Couto,yan couto
2324,Yan Valery,yan valery
2325,Yangel Herrera,yangel herrera
2326,Yanic Wildschut,yanic wildschut
2327,Yann Kermorgant,yann kermorgant
2328,Yann M'Vila,yann m vila
2329,Yannick Bolasie,yannick bolasie
2330,Yáser Asprilla,yaser asprilla
2331,Yasin Ben El-Mhanni,yasin ben el mhanni
2332,Yasser Larouci,yasser larouci
2333,Yaya Sanogo,yaya sanogo
2334,Yaya Touré,yaya toure
2335,Yerry Mina,yerry mina
2336,Yerson Mosquera,yerson mosquera
2337,Yoan Gouffran,yoan gouffran
2338,Yoane Wissa,yoane wissa
2339,Yohan Benalouane,yohan benalouane
2340,Yohan Cabaye,yohan cabaye
2341,Yoshinori Muto,yoshinori muto
2342,Younes Kaboul,younes kaboul
2343,Youri Tielemans,youri tielemans
2344,Youssouf Mulumbu,youssouf mulumbu
2345,Yves Bissouma,yves bissouma
2346,Zach Awe,zach awe
2347,Zachary Dearnley,zachary dearnley
2348,Zack Steffen,zack steffen
2349,Zak Brunt,zak brunt
2350,Zak Swanson,zak swanson
2351,Zan-Luk Leban,zan luk leban
2352,Zanka,zanka
2353,Zech Medley,zech medley
2354,Zhang Yuning,zhang yuning
2355,Zidane Iqbal,zidane iqbal
2356,Zlatan Ibrahimovic,zlatan ibrahimovic
